DROP DATABASE IF EXISTS Emergency_Department;
CREATE DATABASE Emergency_Department;
USE Emergency_Department;

CREATE TABLE FAQs (
  id INT NOT NULL AUTO_INCREMENT PRIMARY KEY,
  question VARCHAR(100) NOT NULL UNIQUE CHECK (LENGTH(question) >= 15),
  answer TEXT NOT NULL
);

CREATE TABLE User_Roles (
  id INT NOT NULL AUTO_INCREMENT PRIMARY KEY,
  name VARCHAR(25) UNIQUE NOT NULL CHECK (LENGTH(name) >= 5)
);

CREATE TABLE Users (
  person_number BIGINT NOT NULL PRIMARY KEY CHECK (person_number >= 0 AND person_number < POW(10, 11)),
  first_name VARCHAR(25) NOT NULL,
  last_name VARCHAR(25) NOT NULL,
  phone_number VARCHAR(25) NOT NULL UNIQUE CHECK (LENGTH(phone_number) >= 8),
  address VARCHAR(50) NOT NULL CHECK (LENGTH(address) >= 5),
  password VARCHAR(255) NOT NULL,
  created_date DATETIME NOT NULL DEFAULT CURRENT_TIMESTAMP,
  updated_date DATETIME NULL,
  user_role_id INT NOT NULL,
  FOREIGN KEY (user_role_id) REFERENCES User_Roles(id)
);

CREATE TABLE Inquiry_Statuses (
  id INT NOT NULL AUTO_INCREMENT PRIMARY KEY,
  name VARCHAR(25) UNIQUE NOT NULL CHECK (LENGTH(name) >= 5)
);

CREATE TABLE Inquiries (
  id INT NOT NULL AUTO_INCREMENT PRIMARY KEY,
  title VARCHAR(100) NOT NULL CHECK (LENGTH(title) >= 15),
  description TEXT NOT NULL CHECK (LENGTH(description) >= 25),
  general_practitioner VARCHAR(50) NOT NULL CHECK (LENGTH(general_practitioner) >= 10),
  summary LONGTEXT NULL,
  received_date DATETIME NOT NULL DEFAULT CURRENT_TIMESTAMP,
  updated_date DATETIME NULL,
  patient_person_number BIGINT NULL,
  nurse_person_number BIGINT NULL,
  inquiry_status_id INT NOT NULL DEFAULT 1,
  FOREIGN KEY (patient_person_number) REFERENCES Users(person_number),
  FOREIGN KEY (nurse_person_number) REFERENCES Users(person_number),
  FOREIGN KEY (inquiry_status_id) REFERENCES Inquiry_Statuses(Id)
);

CREATE TABLE Inquiry_Images (
  id INT NOT NULL AUTO_INCREMENT PRIMARY KEY,
  url VARCHAR(255) NOT NULL CHECK (LENGTH(url) >= 10),
  inquiry_id INT NOT NULL,
  FOREIGN KEY (inquiry_id) REFERENCES Inquiries(id)
);

CREATE TABLE Chat_Messages (
  id INT NOT NULL AUTO_INCREMENT PRIMARY KEY,
  text LONGTEXT NULL,
  image_url VARCHAR(255) NULL CHECK (LENGTH(image_url) >= 10),
  received_date DATETIME NOT NULL DEFAULT CURRENT_TIMESTAMP,
  sender_person_number BIGINT NOT NULL,
  receiver_person_number BIGINT NOT NULL,
  inquiry_id INT NOT NULL,
  FOREIGN KEY (sender_person_number) REFERENCES Users(person_number),
  FOREIGN KEY (receiver_person_number) REFERENCES Users(person_number),
  FOREIGN KEY (inquiry_id) REFERENCES Inquiries(id)
);

INSERT INTO FAQs VALUES (1, "Who should be tested for COVID-19?", "Anyone with a new respiratory infection or other symptoms of COVID-19, close contacts, or in the event of an outbreak with extended testing of other contacts, and anyone who suspects that they are infected with COVID-19");
INSERT INTO FAQs VALUES (2, "What are the symptoms of COVID-19?", "Fever, Reap, Heavy breath, Headache, Laxity, Impaired sense of smell and/or taste, Muscle aches, Sore throat, Runny or stuffy nose");
INSERT INTO FAQs VALUES (3, "What should you do while you wait for test results?", "The main rule is that you must stay at home until you get a test result, so that you avoid infecting others. The exception is if you have tested yourself if you have neither symptoms, have been exposed to infection, are in quarantine or suspect infection for other reasons. Then there is no need to stay at home waiting for test results. This could be, for example, if you have taken a test to be able to travel. Note that separate rules apply here for mutated viruses. Household members of close contacts in an outbreak associated with a case of the English or South African virus variant should stay at home until the close contact has tested negative by PCR test.");
INSERT INTO FAQs VALUES (4, "What kind of COVID-19 test is available at the Emergency Department?", "COVID-19 PCR Test: This test reveals whether you have an infection with COVID-19. In people infected with SARS-CoV-2, it will usually be possible to detect the genetic material of the virus in a sample from the upper respiratory tract (taken from the nose/throat) in the period from about 2 days before to 20 days after the onset of symptoms.");
INSERT INTO FAQs VALUES (5, "How is the test performed?", "Nose and throat test. We also use external laboratories for analyzing the PCR samples.");

INSERT INTO User_Roles VALUES (1, "Admin");
INSERT INTO User_Roles VALUES (2, "Staff");
INSERT INTO User_Roles VALUES (3, "Patient");

INSERT INTO Users (person_number, first_name, last_name, phone_number, address, password, user_role_id) VALUES (12345678910, "Ola", "Nordmann", "13579113", "Sjølystveien 46", "rXHcYLUH9gyHXZwOcZBQrCdzJP+ie0NiqoLi4zUAX2RYROnA8IvkEborruGWxhrP", 1);
INSERT INTO Users (person_number, first_name, last_name, phone_number, address, password, user_role_id) VALUES (12345678911, "Kari", "Nordmann", "24681012", "Sjølystveien 47", "rXHcYLUH9gyHXZwOcZBQrCdzJP+ie0NiqoLi4zUAX2RYROnA8IvkEborruGWxhrP", 2);
INSERT INTO Users (person_number, first_name, last_name, phone_number, address, password, user_role_id) VALUES (12345678912, "Test 1", "Test 1", "35791113", "Sjølystveien 48", "rXHcYLUH9gyHXZwOcZBQrCdzJP+ie0NiqoLi4zUAX2RYROnA8IvkEborruGWxhrP", 2);
INSERT INTO Users (person_number, first_name, last_name, phone_number, address, password, user_role_id) VALUES (12345678913, "Test 2", "Test 2", "46810121", "Sjølystveien 49", "rXHcYLUH9gyHXZwOcZBQrCdzJP+ie0NiqoLi4zUAX2RYROnA8IvkEborruGWxhrP", 2);
INSERT INTO Users (person_number, first_name, last_name, phone_number, address, password, user_role_id) VALUES (12345678914, "Test 3", "Test 3", "57911131", "Sjølystveien 50", "rXHcYLUH9gyHXZwOcZBQrCdzJP+ie0NiqoLi4zUAX2RYROnA8IvkEborruGWxhrP", 3);
INSERT INTO Users (person_number, first_name, last_name, phone_number, address, password, user_role_id) VALUES (12345678915, "Test 4", "Test 4", "68101214", "Sjølystveien 51", "rXHcYLUH9gyHXZwOcZBQrCdzJP+ie0NiqoLi4zUAX2RYROnA8IvkEborruGWxhrP", 3);
INSERT INTO Users (person_number, first_name, last_name, phone_number, address, password, user_role_id) VALUES (12345678916, "Test 5", "Test 5", "79111315", "Sjølystveien 52", "rXHcYLUH9gyHXZwOcZBQrCdzJP+ie0NiqoLi4zUAX2RYROnA8IvkEborruGWxhrP", 3);
INSERT INTO Users (person_number, first_name, last_name, phone_number, address, password, user_role_id) VALUES (12345678917, "Test 6", "Test 6", "81012141", "Sjølystveien 53", "rXHcYLUH9gyHXZwOcZBQrCdzJP+ie0NiqoLi4zUAX2RYROnA8IvkEborruGWxhrP", 3);
INSERT INTO Users (person_number, first_name, last_name, phone_number, address, password, user_role_id) VALUES (12345678918, "Test 7", "Test 7", "91113151", "Sjølystveien 54", "rXHcYLUH9gyHXZwOcZBQrCdzJP+ie0NiqoLi4zUAX2RYROnA8IvkEborruGWxhrP", 3);
INSERT INTO Users (person_number, first_name, last_name, phone_number, address, password, user_role_id) VALUES (12345678919, "Test 8", "Test 8", "10121416", "Sjølystveien 55", "rXHcYLUH9gyHXZwOcZBQrCdzJP+ie0NiqoLi4zUAX2RYROnA8IvkEborruGWxhrP", 3);
INSERT INTO Users (person_number, first_name, last_name, phone_number, address, password, user_role_id) VALUES (12345678920, "Test 9", "Test 9", "11131517", "Sjølystveien 56", "rXHcYLUH9gyHXZwOcZBQrCdzJP+ie0NiqoLi4zUAX2RYROnA8IvkEborruGWxhrP", 3);

INSERT INTO Inquiry_Statuses VALUES (1, "Active");
INSERT INTO Inquiry_Statuses VALUES (2, "In Progress");
INSERT INTO Inquiry_Statuses VALUES (3, "In Chat");
INSERT INTO Inquiry_Statuses VALUES (4, "In summary");
INSERT INTO Inquiry_Statuses VALUES (5, "Finished");

INSERT INTO Inquiries (id, title, description, general_practitioner, summary, received_date, patient_person_number, nurse_person_number, inquiry_status_id) VALUES (1, "Title Test Test", "Description Test Test Test", "General Practitioner Test", '{"blocks":[{"key":"b2ur3","text":"Test","type":"unstyled","depth":0,"inlineStyleRanges":[{"offset":0,"length":4,"style":"BOLD"}],"entityRanges":[],"data":{"text-align":"center"}},{"key":"evnha","text":"test1","type":"ordered-list-item","depth":0,"inlineStyleRanges":[],"entityRanges":[],"data":{}},{"key":"e7mki","text":"test2","type":"ordered-list-item","depth":0,"inlineStyleRanges":[],"entityRanges":[],"data":{}},{"key":"3h722","text":"test3","type":"ordered-list-item","depth":0,"inlineStyleRanges":[],"entityRanges":[],"data":{}}],"entityMap":{}}', "2025-01-24 00:04:09", 12345678915, 12345678910, 5);
INSERT INTO Inquiries (id, title, description, general_practitioner, summary, received_date, patient_person_number, nurse_person_number, inquiry_status_id) VALUES (2, "Title Test Test", "Description Test Test Test", "General Practitioner Test", '{"blocks":[{"key":"b2ur3","text":"Test","type":"unstyled","depth":0,"inlineStyleRanges":[{"offset":0,"length":4,"style":"BOLD"}],"entityRanges":[],"data":{"text-align":"center"}},{"key":"evnha","text":"test1","type":"ordered-list-item","depth":0,"inlineStyleRanges":[],"entityRanges":[],"data":{}},{"key":"e7mki","text":"test2","type":"ordered-list-item","depth":0,"inlineStyleRanges":[],"entityRanges":[],"data":{}},{"key":"3h722","text":"test3","type":"ordered-list-item","depth":0,"inlineStyleRanges":[],"entityRanges":[],"data":{}}],"entityMap":{}}', "2025-01-24 00:14:09", 12345678916, 12345678911, 5);
INSERT INTO Inquiries (id, title, description, general_practitioner, summary, received_date, patient_person_number, nurse_person_number, inquiry_status_id) VALUES (3, "Title Test Test", "Description Test Test Test", "General Practitioner Test", '{"blocks":[{"key":"b2ur3","text":"Test","type":"unstyled","depth":0,"inlineStyleRanges":[{"offset":0,"length":4,"style":"BOLD"}],"entityRanges":[],"data":{"text-align":"center"}},{"key":"evnha","text":"test1","type":"ordered-list-item","depth":0,"inlineStyleRanges":[],"entityRanges":[],"data":{}},{"key":"e7mki","text":"test2","type":"ordered-list-item","depth":0,"inlineStyleRanges":[],"entityRanges":[],"data":{}},{"key":"3h722","text":"test3","type":"ordered-list-item","depth":0,"inlineStyleRanges":[],"entityRanges":[],"data":{}}],"entityMap":{}}', "2025-01-24 00:24:09", 12345678917, 12345678912, 5);
INSERT INTO Inquiries (id, title, description, general_practitioner, summary, received_date, patient_person_number, nurse_person_number, inquiry_status_id) VALUES (4, "Title Test Test", "Description Test Test Test", "General Practitioner Test", '{"blocks":[{"key":"b2ur3","text":"Test","type":"unstyled","depth":0,"inlineStyleRanges":[{"offset":0,"length":4,"style":"BOLD"}],"entityRanges":[],"data":{"text-align":"center"}},{"key":"evnha","text":"test1","type":"ordered-list-item","depth":0,"inlineStyleRanges":[],"entityRanges":[],"data":{}},{"key":"e7mki","text":"test2","type":"ordered-list-item","depth":0,"inlineStyleRanges":[],"entityRanges":[],"data":{}},{"key":"3h722","text":"test3","type":"ordered-list-item","depth":0,"inlineStyleRanges":[],"entityRanges":[],"data":{}}],"entityMap":{}}', "2025-01-24 00:34:09", 12345678918, 12345678913, 5);
INSERT INTO Inquiries (id, title, description, general_practitioner, summary, received_date, patient_person_number, nurse_person_number, inquiry_status_id) VALUES (5, "Title Test Test", "Description Test Test Test", "General Practitioner Test", '{"blocks":[{"key":"b2ur3","text":"Test","type":"unstyled","depth":0,"inlineStyleRanges":[{"offset":0,"length":4,"style":"BOLD"}],"entityRanges":[],"data":{"text-align":"center"}},{"key":"evnha","text":"test1","type":"ordered-list-item","depth":0,"inlineStyleRanges":[],"entityRanges":[],"data":{}},{"key":"e7mki","text":"test2","type":"ordered-list-item","depth":0,"inlineStyleRanges":[],"entityRanges":[],"data":{}},{"key":"3h722","text":"test3","type":"ordered-list-item","depth":0,"inlineStyleRanges":[],"entityRanges":[],"data":{}}],"entityMap":{}}', "2025-01-24 00:44:09", 12345678919, 12345678914, 5);
INSERT INTO Inquiries (id, title, description, general_practitioner, summary, received_date, patient_person_number, nurse_person_number, inquiry_status_id) VALUES (6, "Title Test Test", "Description Test Test Test", "General Practitioner Test", '{"blocks":[{"key":"b2ur3","text":"Test","type":"unstyled","depth":0,"inlineStyleRanges":[{"offset":0,"length":4,"style":"BOLD"}],"entityRanges":[],"data":{"text-align":"center"}},{"key":"evnha","text":"test1","type":"ordered-list-item","depth":0,"inlineStyleRanges":[],"entityRanges":[],"data":{}},{"key":"e7mki","text":"test2","type":"ordered-list-item","depth":0,"inlineStyleRanges":[],"entityRanges":[],"data":{}},{"key":"3h722","text":"test3","type":"ordered-list-item","depth":0,"inlineStyleRanges":[],"entityRanges":[],"data":{}}],"entityMap":{}}', "2025-01-24 00:54:09", 12345678920, 12345678910, 5);
INSERT INTO Inquiries (id, title, description, general_practitioner, summary, received_date, patient_person_number, nurse_person_number, inquiry_status_id) VALUES (7, "Title Test Test", "Description Test Test Test", "General Practitioner Test", '{"blocks":[{"key":"b2ur3","text":"Test","type":"unstyled","depth":0,"inlineStyleRanges":[{"offset":0,"length":4,"style":"BOLD"}],"entityRanges":[],"data":{"text-align":"center"}},{"key":"evnha","text":"test1","type":"ordered-list-item","depth":0,"inlineStyleRanges":[],"entityRanges":[],"data":{}},{"key":"e7mki","text":"test2","type":"ordered-list-item","depth":0,"inlineStyleRanges":[],"entityRanges":[],"data":{}},{"key":"3h722","text":"test3","type":"ordered-list-item","depth":0,"inlineStyleRanges":[],"entityRanges":[],"data":{}}],"entityMap":{}}', "2025-01-24 00:03:09", 12345678920, 12345678911, 5);
INSERT INTO Inquiries (id, title, description, general_practitioner, summary, received_date, patient_person_number, nurse_person_number, inquiry_status_id) VALUES (8, "Title Test Test", "Description Test Test Test", "General Practitioner Test", '{"blocks":[{"key":"b2ur3","text":"Test","type":"unstyled","depth":0,"inlineStyleRanges":[{"offset":0,"length":4,"style":"BOLD"}],"entityRanges":[],"data":{"text-align":"center"}},{"key":"evnha","text":"test1","type":"ordered-list-item","depth":0,"inlineStyleRanges":[],"entityRanges":[],"data":{}},{"key":"e7mki","text":"test2","type":"ordered-list-item","depth":0,"inlineStyleRanges":[],"entityRanges":[],"data":{}},{"key":"3h722","text":"test3","type":"ordered-list-item","depth":0,"inlineStyleRanges":[],"entityRanges":[],"data":{}}],"entityMap":{}}', "2025-01-24 00:13:09", 12345678915, 12345678912, 5);
INSERT INTO Inquiries (id, title, description, general_practitioner, summary, received_date, patient_person_number, nurse_person_number, inquiry_status_id) VALUES (9, "Title Test Test", "Description Test Test Test", "General Practitioner Test", '{"blocks":[{"key":"b2ur3","text":"Test","type":"unstyled","depth":0,"inlineStyleRanges":[{"offset":0,"length":4,"style":"BOLD"}],"entityRanges":[],"data":{"text-align":"center"}},{"key":"evnha","text":"test1","type":"ordered-list-item","depth":0,"inlineStyleRanges":[],"entityRanges":[],"data":{}},{"key":"e7mki","text":"test2","type":"ordered-list-item","depth":0,"inlineStyleRanges":[],"entityRanges":[],"data":{}},{"key":"3h722","text":"test3","type":"ordered-list-item","depth":0,"inlineStyleRanges":[],"entityRanges":[],"data":{}}],"entityMap":{}}', "2025-01-24 00:23:09", 12345678916, 12345678913, 5);
INSERT INTO Inquiries (id, title, description, general_practitioner, summary, received_date, patient_person_number, nurse_person_number, inquiry_status_id) VALUES (10, "Title Test Test", "Description Test Test Test", "General Practitioner Test", '{"blocks":[{"key":"b2ur3","text":"Test","type":"unstyled","depth":0,"inlineStyleRanges":[{"offset":0,"length":4,"style":"BOLD"}],"entityRanges":[],"data":{"text-align":"center"}},{"key":"evnha","text":"test1","type":"ordered-list-item","depth":0,"inlineStyleRanges":[],"entityRanges":[],"data":{}},{"key":"e7mki","text":"test2","type":"ordered-list-item","depth":0,"inlineStyleRanges":[],"entityRanges":[],"data":{}},{"key":"3h722","text":"test3","type":"ordered-list-item","depth":0,"inlineStyleRanges":[],"entityRanges":[],"data":{}}],"entityMap":{}}', "2025-01-24 00:33:09", 12345678915, 12345678914, 5);
INSERT INTO Inquiries (id, title, description, general_practitioner, summary, received_date, patient_person_number, nurse_person_number, inquiry_status_id) VALUES (11, "Title Test Test", "Description Test Test Test", "General Practitioner Test", '{"blocks":[{"key":"b2ur3","text":"Test","type":"unstyled","depth":0,"inlineStyleRanges":[{"offset":0,"length":4,"style":"BOLD"}],"entityRanges":[],"data":{"text-align":"center"}},{"key":"evnha","text":"test1","type":"ordered-list-item","depth":0,"inlineStyleRanges":[],"entityRanges":[],"data":{}},{"key":"e7mki","text":"test2","type":"ordered-list-item","depth":0,"inlineStyleRanges":[],"entityRanges":[],"data":{}},{"key":"3h722","text":"test3","type":"ordered-list-item","depth":0,"inlineStyleRanges":[],"entityRanges":[],"data":{}}],"entityMap":{}}', "2025-01-24 00:43:09", 12345678915, 12345678910, 5);
INSERT INTO Inquiries (id, title, description, general_practitioner, summary, received_date, patient_person_number, nurse_person_number, inquiry_status_id) VALUES (12, "Title Test Test", "Description Test Test Test", "General Practitioner Test", '{"blocks":[{"key":"b2ur3","text":"Test","type":"unstyled","depth":0,"inlineStyleRanges":[{"offset":0,"length":4,"style":"BOLD"}],"entityRanges":[],"data":{"text-align":"center"}},{"key":"evnha","text":"test1","type":"ordered-list-item","depth":0,"inlineStyleRanges":[],"entityRanges":[],"data":{}},{"key":"e7mki","text":"test2","type":"ordered-list-item","depth":0,"inlineStyleRanges":[],"entityRanges":[],"data":{}},{"key":"3h722","text":"test3","type":"ordered-list-item","depth":0,"inlineStyleRanges":[],"entityRanges":[],"data":{}}],"entityMap":{}}', "2025-01-24 00:53:09", 12345678916, 12345678911, 5);
INSERT INTO Inquiries (id, title, description, general_practitioner, summary, received_date, patient_person_number, nurse_person_number, inquiry_status_id) VALUES (13, "Title Test Test", "Description Test Test Test", "General Practitioner Test", '{"blocks":[{"key":"b2ur3","text":"Test","type":"unstyled","depth":0,"inlineStyleRanges":[{"offset":0,"length":4,"style":"BOLD"}],"entityRanges":[],"data":{"text-align":"center"}},{"key":"evnha","text":"test1","type":"ordered-list-item","depth":0,"inlineStyleRanges":[],"entityRanges":[],"data":{}},{"key":"e7mki","text":"test2","type":"ordered-list-item","depth":0,"inlineStyleRanges":[],"entityRanges":[],"data":{}},{"key":"3h722","text":"test3","type":"ordered-list-item","depth":0,"inlineStyleRanges":[],"entityRanges":[],"data":{}}],"entityMap":{}}', "2025-01-24 00:02:09", 12345678916, 12345678912, 5);
INSERT INTO Inquiries (id, title, description, general_practitioner, summary, received_date, patient_person_number, nurse_person_number, inquiry_status_id) VALUES (14, "Title Test Test", "Description Test Test Test", "General Practitioner Test", '{"blocks":[{"key":"b2ur3","text":"Test","type":"unstyled","depth":0,"inlineStyleRanges":[{"offset":0,"length":4,"style":"BOLD"}],"entityRanges":[],"data":{"text-align":"center"}},{"key":"evnha","text":"test1","type":"ordered-list-item","depth":0,"inlineStyleRanges":[],"entityRanges":[],"data":{}},{"key":"e7mki","text":"test2","type":"ordered-list-item","depth":0,"inlineStyleRanges":[],"entityRanges":[],"data":{}},{"key":"3h722","text":"test3","type":"ordered-list-item","depth":0,"inlineStyleRanges":[],"entityRanges":[],"data":{}}],"entityMap":{}}', "2025-01-24 00:12:09", 12345678917, 12345678913, 5);
INSERT INTO Inquiries (id, title, description, general_practitioner, summary, received_date, patient_person_number, nurse_person_number, inquiry_status_id) VALUES (15, "Title Test Test", "Description Test Test Test", "General Practitioner Test", '{"blocks":[{"key":"b2ur3","text":"Test","type":"unstyled","depth":0,"inlineStyleRanges":[{"offset":0,"length":4,"style":"BOLD"}],"entityRanges":[],"data":{"text-align":"center"}},{"key":"evnha","text":"test1","type":"ordered-list-item","depth":0,"inlineStyleRanges":[],"entityRanges":[],"data":{}},{"key":"e7mki","text":"test2","type":"ordered-list-item","depth":0,"inlineStyleRanges":[],"entityRanges":[],"data":{}},{"key":"3h722","text":"test3","type":"ordered-list-item","depth":0,"inlineStyleRanges":[],"entityRanges":[],"data":{}}],"entityMap":{}}', "2025-01-24 00:22:09", 12345678917, 12345678914, 5);
INSERT INTO Inquiries (id, title, description, general_practitioner, summary, received_date, patient_person_number, nurse_person_number, inquiry_status_id) VALUES (16, "Title Test Test", "Description Test Test Test", "General Practitioner Test", '{"blocks":[{"key":"b2ur3","text":"Test","type":"unstyled","depth":0,"inlineStyleRanges":[{"offset":0,"length":4,"style":"BOLD"}],"entityRanges":[],"data":{"text-align":"center"}},{"key":"evnha","text":"test1","type":"ordered-list-item","depth":0,"inlineStyleRanges":[],"entityRanges":[],"data":{}},{"key":"e7mki","text":"test2","type":"ordered-list-item","depth":0,"inlineStyleRanges":[],"entityRanges":[],"data":{}},{"key":"3h722","text":"test3","type":"ordered-list-item","depth":0,"inlineStyleRanges":[],"entityRanges":[],"data":{}}],"entityMap":{}}', "2025-02-24 00:04:09", 12345678915, 12345678910, 5);
INSERT INTO Inquiries (id, title, description, general_practitioner, summary, received_date, patient_person_number, nurse_person_number, inquiry_status_id) VALUES (17, "Title Test Test", "Description Test Test Test", "General Practitioner Test", '{"blocks":[{"key":"b2ur3","text":"Test","type":"unstyled","depth":0,"inlineStyleRanges":[{"offset":0,"length":4,"style":"BOLD"}],"entityRanges":[],"data":{"text-align":"center"}},{"key":"evnha","text":"test1","type":"ordered-list-item","depth":0,"inlineStyleRanges":[],"entityRanges":[],"data":{}},{"key":"e7mki","text":"test2","type":"ordered-list-item","depth":0,"inlineStyleRanges":[],"entityRanges":[],"data":{}},{"key":"3h722","text":"test3","type":"ordered-list-item","depth":0,"inlineStyleRanges":[],"entityRanges":[],"data":{}}],"entityMap":{}}', "2025-02-24 00:14:09", 12345678915, 12345678911, 5);
INSERT INTO Inquiries (id, title, description, general_practitioner, summary, received_date, patient_person_number, nurse_person_number, inquiry_status_id) VALUES (18, "Title Test Test", "Description Test Test Test", "General Practitioner Test", '{"blocks":[{"key":"b2ur3","text":"Test","type":"unstyled","depth":0,"inlineStyleRanges":[{"offset":0,"length":4,"style":"BOLD"}],"entityRanges":[],"data":{"text-align":"center"}},{"key":"evnha","text":"test1","type":"ordered-list-item","depth":0,"inlineStyleRanges":[],"entityRanges":[],"data":{}},{"key":"e7mki","text":"test2","type":"ordered-list-item","depth":0,"inlineStyleRanges":[],"entityRanges":[],"data":{}},{"key":"3h722","text":"test3","type":"ordered-list-item","depth":0,"inlineStyleRanges":[],"entityRanges":[],"data":{}}],"entityMap":{}}', "2025-02-24 00:24:09", 12345678915, 12345678912, 5);
INSERT INTO Inquiries (id, title, description, general_practitioner, summary, received_date, patient_person_number, nurse_person_number, inquiry_status_id) VALUES (19, "Title Test Test", "Description Test Test Test", "General Practitioner Test", '{"blocks":[{"key":"b2ur3","text":"Test","type":"unstyled","depth":0,"inlineStyleRanges":[{"offset":0,"length":4,"style":"BOLD"}],"entityRanges":[],"data":{"text-align":"center"}},{"key":"evnha","text":"test1","type":"ordered-list-item","depth":0,"inlineStyleRanges":[],"entityRanges":[],"data":{}},{"key":"e7mki","text":"test2","type":"ordered-list-item","depth":0,"inlineStyleRanges":[],"entityRanges":[],"data":{}},{"key":"3h722","text":"test3","type":"ordered-list-item","depth":0,"inlineStyleRanges":[],"entityRanges":[],"data":{}}],"entityMap":{}}', "2025-02-24 00:34:09", 12345678915, 12345678913, 5);
INSERT INTO Inquiries (id, title, description, general_practitioner, summary, received_date, patient_person_number, nurse_person_number, inquiry_status_id) VALUES (20, "Title Test Test", "Description Test Test Test", "General Practitioner Test", '{"blocks":[{"key":"b2ur3","text":"Test","type":"unstyled","depth":0,"inlineStyleRanges":[{"offset":0,"length":4,"style":"BOLD"}],"entityRanges":[],"data":{"text-align":"center"}},{"key":"evnha","text":"test1","type":"ordered-list-item","depth":0,"inlineStyleRanges":[],"entityRanges":[],"data":{}},{"key":"e7mki","text":"test2","type":"ordered-list-item","depth":0,"inlineStyleRanges":[],"entityRanges":[],"data":{}},{"key":"3h722","text":"test3","type":"ordered-list-item","depth":0,"inlineStyleRanges":[],"entityRanges":[],"data":{}}],"entityMap":{}}', "2025-02-24 00:44:09", 12345678915, 12345678914, 5);
INSERT INTO Inquiries (id, title, description, general_practitioner, summary, received_date, patient_person_number, nurse_person_number, inquiry_status_id) VALUES (21, "Title Test Test", "Description Test Test Test", "General Practitioner Test", '{"blocks":[{"key":"b2ur3","text":"Test","type":"unstyled","depth":0,"inlineStyleRanges":[{"offset":0,"length":4,"style":"BOLD"}],"entityRanges":[],"data":{"text-align":"center"}},{"key":"evnha","text":"test1","type":"ordered-list-item","depth":0,"inlineStyleRanges":[],"entityRanges":[],"data":{}},{"key":"e7mki","text":"test2","type":"ordered-list-item","depth":0,"inlineStyleRanges":[],"entityRanges":[],"data":{}},{"key":"3h722","text":"test3","type":"ordered-list-item","depth":0,"inlineStyleRanges":[],"entityRanges":[],"data":{}}],"entityMap":{}}', "2025-02-24 00:54:09", 12345678915, 12345678910, 5);
INSERT INTO Inquiries (id, title, description, general_practitioner, summary, received_date, patient_person_number, nurse_person_number, inquiry_status_id) VALUES (22, "Title Test Test", "Description Test Test Test", "General Practitioner Test", '{"blocks":[{"key":"b2ur3","text":"Test","type":"unstyled","depth":0,"inlineStyleRanges":[{"offset":0,"length":4,"style":"BOLD"}],"entityRanges":[],"data":{"text-align":"center"}},{"key":"evnha","text":"test1","type":"ordered-list-item","depth":0,"inlineStyleRanges":[],"entityRanges":[],"data":{}},{"key":"e7mki","text":"test2","type":"ordered-list-item","depth":0,"inlineStyleRanges":[],"entityRanges":[],"data":{}},{"key":"3h722","text":"test3","type":"ordered-list-item","depth":0,"inlineStyleRanges":[],"entityRanges":[],"data":{}}],"entityMap":{}}', "2025-02-24 00:03:09", 12345678915, 12345678911, 5);
INSERT INTO Inquiries (id, title, description, general_practitioner, summary, received_date, patient_person_number, nurse_person_number, inquiry_status_id) VALUES (23, "Title Test Test", "Description Test Test Test", "General Practitioner Test", '{"blocks":[{"key":"b2ur3","text":"Test","type":"unstyled","depth":0,"inlineStyleRanges":[{"offset":0,"length":4,"style":"BOLD"}],"entityRanges":[],"data":{"text-align":"center"}},{"key":"evnha","text":"test1","type":"ordered-list-item","depth":0,"inlineStyleRanges":[],"entityRanges":[],"data":{}},{"key":"e7mki","text":"test2","type":"ordered-list-item","depth":0,"inlineStyleRanges":[],"entityRanges":[],"data":{}},{"key":"3h722","text":"test3","type":"ordered-list-item","depth":0,"inlineStyleRanges":[],"entityRanges":[],"data":{}}],"entityMap":{}}', "2025-02-24 00:13:09", 12345678916, 12345678912, 5);
INSERT INTO Inquiries (id, title, description, general_practitioner, summary, received_date, patient_person_number, nurse_person_number, inquiry_status_id) VALUES (24, "Title Test Test", "Description Test Test Test", "General Practitioner Test", '{"blocks":[{"key":"b2ur3","text":"Test","type":"unstyled","depth":0,"inlineStyleRanges":[{"offset":0,"length":4,"style":"BOLD"}],"entityRanges":[],"data":{"text-align":"center"}},{"key":"evnha","text":"test1","type":"ordered-list-item","depth":0,"inlineStyleRanges":[],"entityRanges":[],"data":{}},{"key":"e7mki","text":"test2","type":"ordered-list-item","depth":0,"inlineStyleRanges":[],"entityRanges":[],"data":{}},{"key":"3h722","text":"test3","type":"ordered-list-item","depth":0,"inlineStyleRanges":[],"entityRanges":[],"data":{}}],"entityMap":{}}', "2025-02-24 00:23:09", 12345678916, 12345678913, 5);
INSERT INTO Inquiries (id, title, description, general_practitioner, summary, received_date, patient_person_number, nurse_person_number, inquiry_status_id) VALUES (25, "Title Test Test", "Description Test Test Test", "General Practitioner Test", '{"blocks":[{"key":"b2ur3","text":"Test","type":"unstyled","depth":0,"inlineStyleRanges":[{"offset":0,"length":4,"style":"BOLD"}],"entityRanges":[],"data":{"text-align":"center"}},{"key":"evnha","text":"test1","type":"ordered-list-item","depth":0,"inlineStyleRanges":[],"entityRanges":[],"data":{}},{"key":"e7mki","text":"test2","type":"ordered-list-item","depth":0,"inlineStyleRanges":[],"entityRanges":[],"data":{}},{"key":"3h722","text":"test3","type":"ordered-list-item","depth":0,"inlineStyleRanges":[],"entityRanges":[],"data":{}}],"entityMap":{}}', "2025-02-24 00:33:09", 12345678916, 12345678914, 5);
INSERT INTO Inquiries (id, title, description, general_practitioner, summary, received_date, patient_person_number, nurse_person_number, inquiry_status_id) VALUES (26, "Title Test Test", "Description Test Test Test", "General Practitioner Test", '{"blocks":[{"key":"b2ur3","text":"Test","type":"unstyled","depth":0,"inlineStyleRanges":[{"offset":0,"length":4,"style":"BOLD"}],"entityRanges":[],"data":{"text-align":"center"}},{"key":"evnha","text":"test1","type":"ordered-list-item","depth":0,"inlineStyleRanges":[],"entityRanges":[],"data":{}},{"key":"e7mki","text":"test2","type":"ordered-list-item","depth":0,"inlineStyleRanges":[],"entityRanges":[],"data":{}},{"key":"3h722","text":"test3","type":"ordered-list-item","depth":0,"inlineStyleRanges":[],"entityRanges":[],"data":{}}],"entityMap":{}}', "2025-02-24 00:43:09", 12345678916, 12345678910, 5);
INSERT INTO Inquiries (id, title, description, general_practitioner, summary, received_date, patient_person_number, nurse_person_number, inquiry_status_id) VALUES (27, "Title Test Test", "Description Test Test Test", "General Practitioner Test", '{"blocks":[{"key":"b2ur3","text":"Test","type":"unstyled","depth":0,"inlineStyleRanges":[{"offset":0,"length":4,"style":"BOLD"}],"entityRanges":[],"data":{"text-align":"center"}},{"key":"evnha","text":"test1","type":"ordered-list-item","depth":0,"inlineStyleRanges":[],"entityRanges":[],"data":{}},{"key":"e7mki","text":"test2","type":"ordered-list-item","depth":0,"inlineStyleRanges":[],"entityRanges":[],"data":{}},{"key":"3h722","text":"test3","type":"ordered-list-item","depth":0,"inlineStyleRanges":[],"entityRanges":[],"data":{}}],"entityMap":{}}', "2025-02-24 00:53:09", 12345678916, 12345678911, 5);
INSERT INTO Inquiries (id, title, description, general_practitioner, summary, received_date, patient_person_number, nurse_person_number, inquiry_status_id) VALUES (28, "Title Test Test", "Description Test Test Test", "General Practitioner Test", '{"blocks":[{"key":"b2ur3","text":"Test","type":"unstyled","depth":0,"inlineStyleRanges":[{"offset":0,"length":4,"style":"BOLD"}],"entityRanges":[],"data":{"text-align":"center"}},{"key":"evnha","text":"test1","type":"ordered-list-item","depth":0,"inlineStyleRanges":[],"entityRanges":[],"data":{}},{"key":"e7mki","text":"test2","type":"ordered-list-item","depth":0,"inlineStyleRanges":[],"entityRanges":[],"data":{}},{"key":"3h722","text":"test3","type":"ordered-list-item","depth":0,"inlineStyleRanges":[],"entityRanges":[],"data":{}}],"entityMap":{}}', "2025-02-24 00:02:09", 12345678916, 12345678912, 5);
INSERT INTO Inquiries (id, title, description, general_practitioner, summary, received_date, patient_person_number, nurse_person_number, inquiry_status_id) VALUES (29, "Title Test Test", "Description Test Test Test", "General Practitioner Test", '{"blocks":[{"key":"b2ur3","text":"Test","type":"unstyled","depth":0,"inlineStyleRanges":[{"offset":0,"length":4,"style":"BOLD"}],"entityRanges":[],"data":{"text-align":"center"}},{"key":"evnha","text":"test1","type":"ordered-list-item","depth":0,"inlineStyleRanges":[],"entityRanges":[],"data":{}},{"key":"e7mki","text":"test2","type":"ordered-list-item","depth":0,"inlineStyleRanges":[],"entityRanges":[],"data":{}},{"key":"3h722","text":"test3","type":"ordered-list-item","depth":0,"inlineStyleRanges":[],"entityRanges":[],"data":{}}],"entityMap":{}}', "2025-03-24 00:04:09", 12345678917, 12345678913, 5);
INSERT INTO Inquiries (id, title, description, general_practitioner, summary, received_date, patient_person_number, nurse_person_number, inquiry_status_id) VALUES (30, "Title Test Test", "Description Test Test Test", "General Practitioner Test", '{"blocks":[{"key":"b2ur3","text":"Test","type":"unstyled","depth":0,"inlineStyleRanges":[{"offset":0,"length":4,"style":"BOLD"}],"entityRanges":[],"data":{"text-align":"center"}},{"key":"evnha","text":"test1","type":"ordered-list-item","depth":0,"inlineStyleRanges":[],"entityRanges":[],"data":{}},{"key":"e7mki","text":"test2","type":"ordered-list-item","depth":0,"inlineStyleRanges":[],"entityRanges":[],"data":{}},{"key":"3h722","text":"test3","type":"ordered-list-item","depth":0,"inlineStyleRanges":[],"entityRanges":[],"data":{}}],"entityMap":{}}', "2025-03-24 00:14:09", 12345678917, 12345678914, 5);
INSERT INTO Inquiries (id, title, description, general_practitioner, summary, received_date, patient_person_number, nurse_person_number, inquiry_status_id) VALUES (31, "Title Test Test", "Description Test Test Test", "General Practitioner Test", '{"blocks":[{"key":"b2ur3","text":"Test","type":"unstyled","depth":0,"inlineStyleRanges":[{"offset":0,"length":4,"style":"BOLD"}],"entityRanges":[],"data":{"text-align":"center"}},{"key":"evnha","text":"test1","type":"ordered-list-item","depth":0,"inlineStyleRanges":[],"entityRanges":[],"data":{}},{"key":"e7mki","text":"test2","type":"ordered-list-item","depth":0,"inlineStyleRanges":[],"entityRanges":[],"data":{}},{"key":"3h722","text":"test3","type":"ordered-list-item","depth":0,"inlineStyleRanges":[],"entityRanges":[],"data":{}}],"entityMap":{}}', "2025-03-24 00:24:09", 12345678917, 12345678910, 5);
INSERT INTO Inquiries (id, title, description, general_practitioner, summary, received_date, patient_person_number, nurse_person_number, inquiry_status_id) VALUES (32, "Title Test Test", "Description Test Test Test", "General Practitioner Test", '{"blocks":[{"key":"b2ur3","text":"Test","type":"unstyled","depth":0,"inlineStyleRanges":[{"offset":0,"length":4,"style":"BOLD"}],"entityRanges":[],"data":{"text-align":"center"}},{"key":"evnha","text":"test1","type":"ordered-list-item","depth":0,"inlineStyleRanges":[],"entityRanges":[],"data":{}},{"key":"e7mki","text":"test2","type":"ordered-list-item","depth":0,"inlineStyleRanges":[],"entityRanges":[],"data":{}},{"key":"3h722","text":"test3","type":"ordered-list-item","depth":0,"inlineStyleRanges":[],"entityRanges":[],"data":{}}],"entityMap":{}}', "2025-03-24 00:34:09", 12345678917, 12345678911, 5);
INSERT INTO Inquiries (id, title, description, general_practitioner, summary, received_date, patient_person_number, nurse_person_number, inquiry_status_id) VALUES (33, "Title Test Test", "Description Test Test Test", "General Practitioner Test", '{"blocks":[{"key":"b2ur3","text":"Test","type":"unstyled","depth":0,"inlineStyleRanges":[{"offset":0,"length":4,"style":"BOLD"}],"entityRanges":[],"data":{"text-align":"center"}},{"key":"evnha","text":"test1","type":"ordered-list-item","depth":0,"inlineStyleRanges":[],"entityRanges":[],"data":{}},{"key":"e7mki","text":"test2","type":"ordered-list-item","depth":0,"inlineStyleRanges":[],"entityRanges":[],"data":{}},{"key":"3h722","text":"test3","type":"ordered-list-item","depth":0,"inlineStyleRanges":[],"entityRanges":[],"data":{}}],"entityMap":{}}', "2025-03-24 00:44:09", 12345678918, 12345678912, 5);
INSERT INTO Inquiries (id, title, description, general_practitioner, summary, received_date, patient_person_number, nurse_person_number, inquiry_status_id) VALUES (34, "Title Test Test", "Description Test Test Test", "General Practitioner Test", '{"blocks":[{"key":"b2ur3","text":"Test","type":"unstyled","depth":0,"inlineStyleRanges":[{"offset":0,"length":4,"style":"BOLD"}],"entityRanges":[],"data":{"text-align":"center"}},{"key":"evnha","text":"test1","type":"ordered-list-item","depth":0,"inlineStyleRanges":[],"entityRanges":[],"data":{}},{"key":"e7mki","text":"test2","type":"ordered-list-item","depth":0,"inlineStyleRanges":[],"entityRanges":[],"data":{}},{"key":"3h722","text":"test3","type":"ordered-list-item","depth":0,"inlineStyleRanges":[],"entityRanges":[],"data":{}}],"entityMap":{}}', "2025-03-24 00:54:09", 12345678918, 12345678913, 5);
INSERT INTO Inquiries (id, title, description, general_practitioner, summary, received_date, patient_person_number, nurse_person_number, inquiry_status_id) VALUES (35, "Title Test Test", "Description Test Test Test", "General Practitioner Test", '{"blocks":[{"key":"b2ur3","text":"Test","type":"unstyled","depth":0,"inlineStyleRanges":[{"offset":0,"length":4,"style":"BOLD"}],"entityRanges":[],"data":{"text-align":"center"}},{"key":"evnha","text":"test1","type":"ordered-list-item","depth":0,"inlineStyleRanges":[],"entityRanges":[],"data":{}},{"key":"e7mki","text":"test2","type":"ordered-list-item","depth":0,"inlineStyleRanges":[],"entityRanges":[],"data":{}},{"key":"3h722","text":"test3","type":"ordered-list-item","depth":0,"inlineStyleRanges":[],"entityRanges":[],"data":{}}],"entityMap":{}}', "2025-03-24 00:03:09", 12345678918, 12345678914, 5);
INSERT INTO Inquiries (id, title, description, general_practitioner, summary, received_date, patient_person_number, nurse_person_number, inquiry_status_id) VALUES (36, "Title Test Test", "Description Test Test Test", "General Practitioner Test", '{"blocks":[{"key":"b2ur3","text":"Test","type":"unstyled","depth":0,"inlineStyleRanges":[{"offset":0,"length":4,"style":"BOLD"}],"entityRanges":[],"data":{"text-align":"center"}},{"key":"evnha","text":"test1","type":"ordered-list-item","depth":0,"inlineStyleRanges":[],"entityRanges":[],"data":{}},{"key":"e7mki","text":"test2","type":"ordered-list-item","depth":0,"inlineStyleRanges":[],"entityRanges":[],"data":{}},{"key":"3h722","text":"test3","type":"ordered-list-item","depth":0,"inlineStyleRanges":[],"entityRanges":[],"data":{}}],"entityMap":{}}', "2025-03-24 00:13:09", 12345678918, 12345678910, 5);
INSERT INTO Inquiries (id, title, description, general_practitioner, summary, received_date, patient_person_number, nurse_person_number, inquiry_status_id) VALUES (37, "Title Test Test", "Description Test Test Test", "General Practitioner Test", '{"blocks":[{"key":"b2ur3","text":"Test","type":"unstyled","depth":0,"inlineStyleRanges":[{"offset":0,"length":4,"style":"BOLD"}],"entityRanges":[],"data":{"text-align":"center"}},{"key":"evnha","text":"test1","type":"ordered-list-item","depth":0,"inlineStyleRanges":[],"entityRanges":[],"data":{}},{"key":"e7mki","text":"test2","type":"ordered-list-item","depth":0,"inlineStyleRanges":[],"entityRanges":[],"data":{}},{"key":"3h722","text":"test3","type":"ordered-list-item","depth":0,"inlineStyleRanges":[],"entityRanges":[],"data":{}}],"entityMap":{}}', "2025-03-24 00:23:09", 12345678919, 12345678911, 5);
INSERT INTO Inquiries (id, title, description, general_practitioner, summary, received_date, patient_person_number, nurse_person_number, inquiry_status_id) VALUES (38, "Title Test Test", "Description Test Test Test", "General Practitioner Test", '{"blocks":[{"key":"b2ur3","text":"Test","type":"unstyled","depth":0,"inlineStyleRanges":[{"offset":0,"length":4,"style":"BOLD"}],"entityRanges":[],"data":{"text-align":"center"}},{"key":"evnha","text":"test1","type":"ordered-list-item","depth":0,"inlineStyleRanges":[],"entityRanges":[],"data":{}},{"key":"e7mki","text":"test2","type":"ordered-list-item","depth":0,"inlineStyleRanges":[],"entityRanges":[],"data":{}},{"key":"3h722","text":"test3","type":"ordered-list-item","depth":0,"inlineStyleRanges":[],"entityRanges":[],"data":{}}],"entityMap":{}}', "2025-03-24 00:33:09", 12345678919, 12345678912, 5);
INSERT INTO Inquiries (id, title, description, general_practitioner, summary, received_date, patient_person_number, nurse_person_number, inquiry_status_id) VALUES (39, "Title Test Test", "Description Test Test Test", "General Practitioner Test", '{"blocks":[{"key":"b2ur3","text":"Test","type":"unstyled","depth":0,"inlineStyleRanges":[{"offset":0,"length":4,"style":"BOLD"}],"entityRanges":[],"data":{"text-align":"center"}},{"key":"evnha","text":"test1","type":"ordered-list-item","depth":0,"inlineStyleRanges":[],"entityRanges":[],"data":{}},{"key":"e7mki","text":"test2","type":"ordered-list-item","depth":0,"inlineStyleRanges":[],"entityRanges":[],"data":{}},{"key":"3h722","text":"test3","type":"ordered-list-item","depth":0,"inlineStyleRanges":[],"entityRanges":[],"data":{}}],"entityMap":{}}', "2025-03-24 00:43:09", 12345678919, 12345678913, 5);
INSERT INTO Inquiries (id, title, description, general_practitioner, summary, received_date, patient_person_number, nurse_person_number, inquiry_status_id) VALUES (40, "Title Test Test", "Description Test Test Test", "General Practitioner Test", '{"blocks":[{"key":"b2ur3","text":"Test","type":"unstyled","depth":0,"inlineStyleRanges":[{"offset":0,"length":4,"style":"BOLD"}],"entityRanges":[],"data":{"text-align":"center"}},{"key":"evnha","text":"test1","type":"ordered-list-item","depth":0,"inlineStyleRanges":[],"entityRanges":[],"data":{}},{"key":"e7mki","text":"test2","type":"ordered-list-item","depth":0,"inlineStyleRanges":[],"entityRanges":[],"data":{}},{"key":"3h722","text":"test3","type":"ordered-list-item","depth":0,"inlineStyleRanges":[],"entityRanges":[],"data":{}}],"entityMap":{}}', "2025-03-24 00:53:09", 12345678919, 12345678914, 5);
INSERT INTO Inquiries (id, title, description, general_practitioner, summary, received_date, patient_person_number, nurse_person_number, inquiry_status_id) VALUES (41, "Title Test Test", "Description Test Test Test", "General Practitioner Test", '{"blocks":[{"key":"b2ur3","text":"Test","type":"unstyled","depth":0,"inlineStyleRanges":[{"offset":0,"length":4,"style":"BOLD"}],"entityRanges":[],"data":{"text-align":"center"}},{"key":"evnha","text":"test1","type":"ordered-list-item","depth":0,"inlineStyleRanges":[],"entityRanges":[],"data":{}},{"key":"e7mki","text":"test2","type":"ordered-list-item","depth":0,"inlineStyleRanges":[],"entityRanges":[],"data":{}},{"key":"3h722","text":"test3","type":"ordered-list-item","depth":0,"inlineStyleRanges":[],"entityRanges":[],"data":{}}],"entityMap":{}}', "2025-04-24 00:04:09", 12345678919, 12345678910, 5);
INSERT INTO Inquiries (id, title, description, general_practitioner, summary, received_date, patient_person_number, nurse_person_number, inquiry_status_id) VALUES (42, "Title Test Test", "Description Test Test Test", "General Practitioner Test", '{"blocks":[{"key":"b2ur3","text":"Test","type":"unstyled","depth":0,"inlineStyleRanges":[{"offset":0,"length":4,"style":"BOLD"}],"entityRanges":[],"data":{"text-align":"center"}},{"key":"evnha","text":"test1","type":"ordered-list-item","depth":0,"inlineStyleRanges":[],"entityRanges":[],"data":{}},{"key":"e7mki","text":"test2","type":"ordered-list-item","depth":0,"inlineStyleRanges":[],"entityRanges":[],"data":{}},{"key":"3h722","text":"test3","type":"ordered-list-item","depth":0,"inlineStyleRanges":[],"entityRanges":[],"data":{}}],"entityMap":{}}', "2025-04-24 00:14:09", 12345678919, 12345678911, 5);
INSERT INTO Inquiries (id, title, description, general_practitioner, summary, received_date, patient_person_number, nurse_person_number, inquiry_status_id) VALUES (43, "Title Test Test", "Description Test Test Test", "General Practitioner Test", '{"blocks":[{"key":"b2ur3","text":"Test","type":"unstyled","depth":0,"inlineStyleRanges":[{"offset":0,"length":4,"style":"BOLD"}],"entityRanges":[],"data":{"text-align":"center"}},{"key":"evnha","text":"test1","type":"ordered-list-item","depth":0,"inlineStyleRanges":[],"entityRanges":[],"data":{}},{"key":"e7mki","text":"test2","type":"ordered-list-item","depth":0,"inlineStyleRanges":[],"entityRanges":[],"data":{}},{"key":"3h722","text":"test3","type":"ordered-list-item","depth":0,"inlineStyleRanges":[],"entityRanges":[],"data":{}}],"entityMap":{}}', "2025-04-24 00:24:09", 12345678919, 12345678912, 5);
INSERT INTO Inquiries (id, title, description, general_practitioner, summary, received_date, patient_person_number, nurse_person_number, inquiry_status_id) VALUES (44, "Title Test Test", "Description Test Test Test", "General Practitioner Test", '{"blocks":[{"key":"b2ur3","text":"Test","type":"unstyled","depth":0,"inlineStyleRanges":[{"offset":0,"length":4,"style":"BOLD"}],"entityRanges":[],"data":{"text-align":"center"}},{"key":"evnha","text":"test1","type":"ordered-list-item","depth":0,"inlineStyleRanges":[],"entityRanges":[],"data":{}},{"key":"e7mki","text":"test2","type":"ordered-list-item","depth":0,"inlineStyleRanges":[],"entityRanges":[],"data":{}},{"key":"3h722","text":"test3","type":"ordered-list-item","depth":0,"inlineStyleRanges":[],"entityRanges":[],"data":{}}],"entityMap":{}}', "2025-04-24 00:34:09", 12345678919, 12345678913, 5);
INSERT INTO Inquiries (id, title, description, general_practitioner, summary, received_date, patient_person_number, nurse_person_number, inquiry_status_id) VALUES (45, "Title Test Test", "Description Test Test Test", "General Practitioner Test", '{"blocks":[{"key":"b2ur3","text":"Test","type":"unstyled","depth":0,"inlineStyleRanges":[{"offset":0,"length":4,"style":"BOLD"}],"entityRanges":[],"data":{"text-align":"center"}},{"key":"evnha","text":"test1","type":"ordered-list-item","depth":0,"inlineStyleRanges":[],"entityRanges":[],"data":{}},{"key":"e7mki","text":"test2","type":"ordered-list-item","depth":0,"inlineStyleRanges":[],"entityRanges":[],"data":{}},{"key":"3h722","text":"test3","type":"ordered-list-item","depth":0,"inlineStyleRanges":[],"entityRanges":[],"data":{}}],"entityMap":{}}', "2025-04-24 00:44:09", 12345678919, 12345678914, 5);
INSERT INTO Inquiries (id, title, description, general_practitioner, summary, received_date, patient_person_number, nurse_person_number, inquiry_status_id) VALUES (46, "Title Test Test", "Description Test Test Test", "General Practitioner Test", '{"blocks":[{"key":"b2ur3","text":"Test","type":"unstyled","depth":0,"inlineStyleRanges":[{"offset":0,"length":4,"style":"BOLD"}],"entityRanges":[],"data":{"text-align":"center"}},{"key":"evnha","text":"test1","type":"ordered-list-item","depth":0,"inlineStyleRanges":[],"entityRanges":[],"data":{}},{"key":"e7mki","text":"test2","type":"ordered-list-item","depth":0,"inlineStyleRanges":[],"entityRanges":[],"data":{}},{"key":"3h722","text":"test3","type":"ordered-list-item","depth":0,"inlineStyleRanges":[],"entityRanges":[],"data":{}}],"entityMap":{}}', "2025-04-24 00:54:09", 12345678919, 12345678910, 5);
INSERT INTO Inquiries (id, title, description, general_practitioner, summary, received_date, patient_person_number, nurse_person_number, inquiry_status_id) VALUES (47, "Title Test Test", "Description Test Test Test", "General Practitioner Test", '{"blocks":[{"key":"b2ur3","text":"Test","type":"unstyled","depth":0,"inlineStyleRanges":[{"offset":0,"length":4,"style":"BOLD"}],"entityRanges":[],"data":{"text-align":"center"}},{"key":"evnha","text":"test1","type":"ordered-list-item","depth":0,"inlineStyleRanges":[],"entityRanges":[],"data":{}},{"key":"e7mki","text":"test2","type":"ordered-list-item","depth":0,"inlineStyleRanges":[],"entityRanges":[],"data":{}},{"key":"3h722","text":"test3","type":"ordered-list-item","depth":0,"inlineStyleRanges":[],"entityRanges":[],"data":{}}],"entityMap":{}}', "2025-04-24 00:03:09", 12345678920, 12345678911, 5);
INSERT INTO Inquiries (id, title, description, general_practitioner, summary, received_date, patient_person_number, nurse_person_number, inquiry_status_id) VALUES (48, "Title Test Test", "Description Test Test Test", "General Practitioner Test", '{"blocks":[{"key":"b2ur3","text":"Test","type":"unstyled","depth":0,"inlineStyleRanges":[{"offset":0,"length":4,"style":"BOLD"}],"entityRanges":[],"data":{"text-align":"center"}},{"key":"evnha","text":"test1","type":"ordered-list-item","depth":0,"inlineStyleRanges":[],"entityRanges":[],"data":{}},{"key":"e7mki","text":"test2","type":"ordered-list-item","depth":0,"inlineStyleRanges":[],"entityRanges":[],"data":{}},{"key":"3h722","text":"test3","type":"ordered-list-item","depth":0,"inlineStyleRanges":[],"entityRanges":[],"data":{}}],"entityMap":{}}', "2025-04-24 00:13:09", 12345678920, 12345678912, 5);
INSERT INTO Inquiries (id, title, description, general_practitioner, summary, received_date, patient_person_number, nurse_person_number, inquiry_status_id) VALUES (49, "Title Test Test", "Description Test Test Test", "General Practitioner Test", '{"blocks":[{"key":"b2ur3","text":"Test","type":"unstyled","depth":0,"inlineStyleRanges":[{"offset":0,"length":4,"style":"BOLD"}],"entityRanges":[],"data":{"text-align":"center"}},{"key":"evnha","text":"test1","type":"ordered-list-item","depth":0,"inlineStyleRanges":[],"entityRanges":[],"data":{}},{"key":"e7mki","text":"test2","type":"ordered-list-item","depth":0,"inlineStyleRanges":[],"entityRanges":[],"data":{}},{"key":"3h722","text":"test3","type":"ordered-list-item","depth":0,"inlineStyleRanges":[],"entityRanges":[],"data":{}}],"entityMap":{}}', "2025-04-24 00:23:09", 12345678920, 12345678913, 5);
INSERT INTO Inquiries (id, title, description, general_practitioner, summary, received_date, patient_person_number, nurse_person_number, inquiry_status_id) VALUES (50, "Title Test Test", "Description Test Test Test", "General Practitioner Test", '{"blocks":[{"key":"b2ur3","text":"Test","type":"unstyled","depth":0,"inlineStyleRanges":[{"offset":0,"length":4,"style":"BOLD"}],"entityRanges":[],"data":{"text-align":"center"}},{"key":"evnha","text":"test1","type":"ordered-list-item","depth":0,"inlineStyleRanges":[],"entityRanges":[],"data":{}},{"key":"e7mki","text":"test2","type":"ordered-list-item","depth":0,"inlineStyleRanges":[],"entityRanges":[],"data":{}},{"key":"3h722","text":"test3","type":"ordered-list-item","depth":0,"inlineStyleRanges":[],"entityRanges":[],"data":{}}],"entityMap":{}}', "2025-04-24 00:33:09", 12345678920, 12345678914, 5);
INSERT INTO Inquiries (id, title, description, general_practitioner, summary, received_date, patient_person_number, nurse_person_number, inquiry_status_id) VALUES (51, "Title Test Test", "Description Test Test Test", "General Practitioner Test", '{"blocks":[{"key":"b2ur3","text":"Test","type":"unstyled","depth":0,"inlineStyleRanges":[{"offset":0,"length":4,"style":"BOLD"}],"entityRanges":[],"data":{"text-align":"center"}},{"key":"evnha","text":"test1","type":"ordered-list-item","depth":0,"inlineStyleRanges":[],"entityRanges":[],"data":{}},{"key":"e7mki","text":"test2","type":"ordered-list-item","depth":0,"inlineStyleRanges":[],"entityRanges":[],"data":{}},{"key":"3h722","text":"test3","type":"ordered-list-item","depth":0,"inlineStyleRanges":[],"entityRanges":[],"data":{}}],"entityMap":{}}', "2025-04-24 00:43:09", 12345678920, 12345678910, 5);
INSERT INTO Inquiries (id, title, description, general_practitioner, summary, received_date, patient_person_number, nurse_person_number, inquiry_status_id) VALUES (52, "Title Test Test", "Description Test Test Test", "General Practitioner Test", '{"blocks":[{"key":"b2ur3","text":"Test","type":"unstyled","depth":0,"inlineStyleRanges":[{"offset":0,"length":4,"style":"BOLD"}],"entityRanges":[],"data":{"text-align":"center"}},{"key":"evnha","text":"test1","type":"ordered-list-item","depth":0,"inlineStyleRanges":[],"entityRanges":[],"data":{}},{"key":"e7mki","text":"test2","type":"ordered-list-item","depth":0,"inlineStyleRanges":[],"entityRanges":[],"data":{}},{"key":"3h722","text":"test3","type":"ordered-list-item","depth":0,"inlineStyleRanges":[],"entityRanges":[],"data":{}}],"entityMap":{}}', "2025-04-24 00:53:09", 12345678920, 12345678911, 5);
INSERT INTO Inquiries (id, title, description, general_practitioner, summary, received_date, patient_person_number, nurse_person_number, inquiry_status_id) VALUES (53, "Title Test Test", "Description Test Test Test", "General Practitioner Test", '{"blocks":[{"key":"b2ur3","text":"Test","type":"unstyled","depth":0,"inlineStyleRanges":[{"offset":0,"length":4,"style":"BOLD"}],"entityRanges":[],"data":{"text-align":"center"}},{"key":"evnha","text":"test1","type":"ordered-list-item","depth":0,"inlineStyleRanges":[],"entityRanges":[],"data":{}},{"key":"e7mki","text":"test2","type":"ordered-list-item","depth":0,"inlineStyleRanges":[],"entityRanges":[],"data":{}},{"key":"3h722","text":"test3","type":"ordered-list-item","depth":0,"inlineStyleRanges":[],"entityRanges":[],"data":{}}],"entityMap":{}}', "2025-04-24 00:02:09", 12345678920, 12345678912, 5);
INSERT INTO Inquiries (id, title, description, general_practitioner, summary, received_date, patient_person_number, nurse_person_number, inquiry_status_id) VALUES (54, "Title Test Test", "Description Test Test Test", "General Practitioner Test", '{"blocks":[{"key":"b2ur3","text":"Test","type":"unstyled","depth":0,"inlineStyleRanges":[{"offset":0,"length":4,"style":"BOLD"}],"entityRanges":[],"data":{"text-align":"center"}},{"key":"evnha","text":"test1","type":"ordered-list-item","depth":0,"inlineStyleRanges":[],"entityRanges":[],"data":{}},{"key":"e7mki","text":"test2","type":"ordered-list-item","depth":0,"inlineStyleRanges":[],"entityRanges":[],"data":{}},{"key":"3h722","text":"test3","type":"ordered-list-item","depth":0,"inlineStyleRanges":[],"entityRanges":[],"data":{}}],"entityMap":{}}', "2025-04-24 00:12:09", 12345678920, 12345678913, 5);
INSERT INTO Inquiries (id, title, description, general_practitioner, summary, received_date, patient_person_number, nurse_person_number, inquiry_status_id) VALUES (55, "Title Test Test", "Description Test Test Test", "General Practitioner Test", '{"blocks":[{"key":"b2ur3","text":"Test","type":"unstyled","depth":0,"inlineStyleRanges":[{"offset":0,"length":4,"style":"BOLD"}],"entityRanges":[],"data":{"text-align":"center"}},{"key":"evnha","text":"test1","type":"ordered-list-item","depth":0,"inlineStyleRanges":[],"entityRanges":[],"data":{}},{"key":"e7mki","text":"test2","type":"ordered-list-item","depth":0,"inlineStyleRanges":[],"entityRanges":[],"data":{}},{"key":"3h722","text":"test3","type":"ordered-list-item","depth":0,"inlineStyleRanges":[],"entityRanges":[],"data":{}}],"entityMap":{}}', "2025-04-24 00:22:09", 12345678920, 12345678914, 5);
INSERT INTO Inquiries (id, title, description, general_practitioner, summary, received_date, patient_person_number, nurse_person_number, inquiry_status_id) VALUES (56, "Title Test Test", "Description Test Test Test", "General Practitioner Test", '{"blocks":[{"key":"b2ur3","text":"Test","type":"unstyled","depth":0,"inlineStyleRanges":[{"offset":0,"length":4,"style":"BOLD"}],"entityRanges":[],"data":{"text-align":"center"}},{"key":"evnha","text":"test1","type":"ordered-list-item","depth":0,"inlineStyleRanges":[],"entityRanges":[],"data":{}},{"key":"e7mki","text":"test2","type":"ordered-list-item","depth":0,"inlineStyleRanges":[],"entityRanges":[],"data":{}},{"key":"3h722","text":"test3","type":"ordered-list-item","depth":0,"inlineStyleRanges":[],"entityRanges":[],"data":{}}],"entityMap":{}}', "2025-04-24 00:32:09", 12345678920, 12345678910, 5);
INSERT INTO Inquiries (id, title, description, general_practitioner, summary, received_date, patient_person_number, nurse_person_number, inquiry_status_id) VALUES (57, "Title Test Test", "Description Test Test Test", "General Practitioner Test", '{"blocks":[{"key":"b2ur3","text":"Test","type":"unstyled","depth":0,"inlineStyleRanges":[{"offset":0,"length":4,"style":"BOLD"}],"entityRanges":[],"data":{"text-align":"center"}},{"key":"evnha","text":"test1","type":"ordered-list-item","depth":0,"inlineStyleRanges":[],"entityRanges":[],"data":{}},{"key":"e7mki","text":"test2","type":"ordered-list-item","depth":0,"inlineStyleRanges":[],"entityRanges":[],"data":{}},{"key":"3h722","text":"test3","type":"ordered-list-item","depth":0,"inlineStyleRanges":[],"entityRanges":[],"data":{}}],"entityMap":{}}', "2025-04-24 00:42:09", 12345678920, 12345678911, 5);
INSERT INTO Inquiries (id, title, description, general_practitioner, summary, received_date, patient_person_number, nurse_person_number, inquiry_status_id) VALUES (58, "Title Test Test", "Description Test Test Test", "General Practitioner Test", '{"blocks":[{"key":"b2ur3","text":"Test","type":"unstyled","depth":0,"inlineStyleRanges":[{"offset":0,"length":4,"style":"BOLD"}],"entityRanges":[],"data":{"text-align":"center"}},{"key":"evnha","text":"test1","type":"ordered-list-item","depth":0,"inlineStyleRanges":[],"entityRanges":[],"data":{}},{"key":"e7mki","text":"test2","type":"ordered-list-item","depth":0,"inlineStyleRanges":[],"entityRanges":[],"data":{}},{"key":"3h722","text":"test3","type":"ordered-list-item","depth":0,"inlineStyleRanges":[],"entityRanges":[],"data":{}}],"entityMap":{}}', "2025-05-24 00:04:09", 12345678920, 12345678912, 5);
INSERT INTO Inquiries (id, title, description, general_practitioner, summary, received_date, patient_person_number, nurse_person_number, inquiry_status_id) VALUES (59, "Title Test Test", "Description Test Test Test", "General Practitioner Test", '{"blocks":[{"key":"b2ur3","text":"Test","type":"unstyled","depth":0,"inlineStyleRanges":[{"offset":0,"length":4,"style":"BOLD"}],"entityRanges":[],"data":{"text-align":"center"}},{"key":"evnha","text":"test1","type":"ordered-list-item","depth":0,"inlineStyleRanges":[],"entityRanges":[],"data":{}},{"key":"e7mki","text":"test2","type":"ordered-list-item","depth":0,"inlineStyleRanges":[],"entityRanges":[],"data":{}},{"key":"3h722","text":"test3","type":"ordered-list-item","depth":0,"inlineStyleRanges":[],"entityRanges":[],"data":{}}],"entityMap":{}}', "2025-05-24 00:14:09", 12345678920, 12345678913, 5);
INSERT INTO Inquiries (id, title, description, general_practitioner, summary, received_date, patient_person_number, nurse_person_number, inquiry_status_id) VALUES (60, "Title Test Test", "Description Test Test Test", "General Practitioner Test", '{"blocks":[{"key":"b2ur3","text":"Test","type":"unstyled","depth":0,"inlineStyleRanges":[{"offset":0,"length":4,"style":"BOLD"}],"entityRanges":[],"data":{"text-align":"center"}},{"key":"evnha","text":"test1","type":"ordered-list-item","depth":0,"inlineStyleRanges":[],"entityRanges":[],"data":{}},{"key":"e7mki","text":"test2","type":"ordered-list-item","depth":0,"inlineStyleRanges":[],"entityRanges":[],"data":{}},{"key":"3h722","text":"test3","type":"ordered-list-item","depth":0,"inlineStyleRanges":[],"entityRanges":[],"data":{}}],"entityMap":{}}', "2025-05-24 00:24:09", 12345678920, 12345678914, 5);
INSERT INTO Inquiries (id, title, description, general_practitioner, summary, received_date, patient_person_number, nurse_person_number, inquiry_status_id) VALUES (61, "Title Test Test", "Description Test Test Test", "General Practitioner Test", '{"blocks":[{"key":"b2ur3","text":"Test","type":"unstyled","depth":0,"inlineStyleRanges":[{"offset":0,"length":4,"style":"BOLD"}],"entityRanges":[],"data":{"text-align":"center"}},{"key":"evnha","text":"test1","type":"ordered-list-item","depth":0,"inlineStyleRanges":[],"entityRanges":[],"data":{}},{"key":"e7mki","text":"test2","type":"ordered-list-item","depth":0,"inlineStyleRanges":[],"entityRanges":[],"data":{}},{"key":"3h722","text":"test3","type":"ordered-list-item","depth":0,"inlineStyleRanges":[],"entityRanges":[],"data":{}}],"entityMap":{}}', "2025-05-24 00:34:09", 12345678920, 12345678910, 5);
INSERT INTO Inquiries (id, title, description, general_practitioner, summary, received_date, patient_person_number, nurse_person_number, inquiry_status_id) VALUES (62, "Title Test Test", "Description Test Test Test", "General Practitioner Test", '{"blocks":[{"key":"b2ur3","text":"Test","type":"unstyled","depth":0,"inlineStyleRanges":[{"offset":0,"length":4,"style":"BOLD"}],"entityRanges":[],"data":{"text-align":"center"}},{"key":"evnha","text":"test1","type":"ordered-list-item","depth":0,"inlineStyleRanges":[],"entityRanges":[],"data":{}},{"key":"e7mki","text":"test2","type":"ordered-list-item","depth":0,"inlineStyleRanges":[],"entityRanges":[],"data":{}},{"key":"3h722","text":"test3","type":"ordered-list-item","depth":0,"inlineStyleRanges":[],"entityRanges":[],"data":{}}],"entityMap":{}}', "2025-05-24 00:44:09", 12345678920, 12345678911, 5);
INSERT INTO Inquiries (id, title, description, general_practitioner, summary, received_date, patient_person_number, nurse_person_number, inquiry_status_id) VALUES (63, "Title Test Test", "Description Test Test Test", "General Practitioner Test", '{"blocks":[{"key":"b2ur3","text":"Test","type":"unstyled","depth":0,"inlineStyleRanges":[{"offset":0,"length":4,"style":"BOLD"}],"entityRanges":[],"data":{"text-align":"center"}},{"key":"evnha","text":"test1","type":"ordered-list-item","depth":0,"inlineStyleRanges":[],"entityRanges":[],"data":{}},{"key":"e7mki","text":"test2","type":"ordered-list-item","depth":0,"inlineStyleRanges":[],"entityRanges":[],"data":{}},{"key":"3h722","text":"test3","type":"ordered-list-item","depth":0,"inlineStyleRanges":[],"entityRanges":[],"data":{}}],"entityMap":{}}', "2025-05-24 00:54:09", 12345678920, 12345678912, 5);
INSERT INTO Inquiries (id, title, description, general_practitioner, summary, received_date, patient_person_number, nurse_person_number, inquiry_status_id) VALUES (64, "Title Test Test", "Description Test Test Test", "General Practitioner Test", '{"blocks":[{"key":"b2ur3","text":"Test","type":"unstyled","depth":0,"inlineStyleRanges":[{"offset":0,"length":4,"style":"BOLD"}],"entityRanges":[],"data":{"text-align":"center"}},{"key":"evnha","text":"test1","type":"ordered-list-item","depth":0,"inlineStyleRanges":[],"entityRanges":[],"data":{}},{"key":"e7mki","text":"test2","type":"ordered-list-item","depth":0,"inlineStyleRanges":[],"entityRanges":[],"data":{}},{"key":"3h722","text":"test3","type":"ordered-list-item","depth":0,"inlineStyleRanges":[],"entityRanges":[],"data":{}}],"entityMap":{}}', "2025-06-24 00:04:09", 12345678920, 12345678913, 5);
INSERT INTO Inquiries (id, title, description, general_practitioner, summary, received_date, patient_person_number, nurse_person_number, inquiry_status_id) VALUES (65, "Title Test Test", "Description Test Test Test", "General Practitioner Test", '{"blocks":[{"key":"b2ur3","text":"Test","type":"unstyled","depth":0,"inlineStyleRanges":[{"offset":0,"length":4,"style":"BOLD"}],"entityRanges":[],"data":{"text-align":"center"}},{"key":"evnha","text":"test1","type":"ordered-list-item","depth":0,"inlineStyleRanges":[],"entityRanges":[],"data":{}},{"key":"e7mki","text":"test2","type":"ordered-list-item","depth":0,"inlineStyleRanges":[],"entityRanges":[],"data":{}},{"key":"3h722","text":"test3","type":"ordered-list-item","depth":0,"inlineStyleRanges":[],"entityRanges":[],"data":{}}],"entityMap":{}}', "2025-06-24 00:14:09", 12345678920, 12345678914, 5);
INSERT INTO Inquiries (id, title, description, general_practitioner, summary, received_date, patient_person_number, nurse_person_number, inquiry_status_id) VALUES (66, "Title Test Test", "Description Test Test Test", "General Practitioner Test", '{"blocks":[{"key":"b2ur3","text":"Test","type":"unstyled","depth":0,"inlineStyleRanges":[{"offset":0,"length":4,"style":"BOLD"}],"entityRanges":[],"data":{"text-align":"center"}},{"key":"evnha","text":"test1","type":"ordered-list-item","depth":0,"inlineStyleRanges":[],"entityRanges":[],"data":{}},{"key":"e7mki","text":"test2","type":"ordered-list-item","depth":0,"inlineStyleRanges":[],"entityRanges":[],"data":{}},{"key":"3h722","text":"test3","type":"ordered-list-item","depth":0,"inlineStyleRanges":[],"entityRanges":[],"data":{}}],"entityMap":{}}', "2025-06-24 00:24:09", 12345678920, 12345678910, 5);
INSERT INTO Inquiries (id, title, description, general_practitioner, summary, received_date, patient_person_number, nurse_person_number, inquiry_status_id) VALUES (67, "Title Test Test", "Description Test Test Test", "General Practitioner Test", '{"blocks":[{"key":"b2ur3","text":"Test","type":"unstyled","depth":0,"inlineStyleRanges":[{"offset":0,"length":4,"style":"BOLD"}],"entityRanges":[],"data":{"text-align":"center"}},{"key":"evnha","text":"test1","type":"ordered-list-item","depth":0,"inlineStyleRanges":[],"entityRanges":[],"data":{}},{"key":"e7mki","text":"test2","type":"ordered-list-item","depth":0,"inlineStyleRanges":[],"entityRanges":[],"data":{}},{"key":"3h722","text":"test3","type":"ordered-list-item","depth":0,"inlineStyleRanges":[],"entityRanges":[],"data":{}}],"entityMap":{}}', "2025-06-24 00:34:09", 12345678920, 12345678911, 5);
INSERT INTO Inquiries (id, title, description, general_practitioner, summary, received_date, patient_person_number, nurse_person_number, inquiry_status_id) VALUES (68, "Title Test Test", "Description Test Test Test", "General Practitioner Test", '{"blocks":[{"key":"b2ur3","text":"Test","type":"unstyled","depth":0,"inlineStyleRanges":[{"offset":0,"length":4,"style":"BOLD"}],"entityRanges":[],"data":{"text-align":"center"}},{"key":"evnha","text":"test1","type":"ordered-list-item","depth":0,"inlineStyleRanges":[],"entityRanges":[],"data":{}},{"key":"e7mki","text":"test2","type":"ordered-list-item","depth":0,"inlineStyleRanges":[],"entityRanges":[],"data":{}},{"key":"3h722","text":"test3","type":"ordered-list-item","depth":0,"inlineStyleRanges":[],"entityRanges":[],"data":{}}],"entityMap":{}}', "2025-06-24 00:44:09", 12345678920, 12345678912, 5);
INSERT INTO Inquiries (id, title, description, general_practitioner, summary, received_date, patient_person_number, nurse_person_number, inquiry_status_id) VALUES (69, "Title Test Test", "Description Test Test Test", "General Practitioner Test", '{"blocks":[{"key":"b2ur3","text":"Test","type":"unstyled","depth":0,"inlineStyleRanges":[{"offset":0,"length":4,"style":"BOLD"}],"entityRanges":[],"data":{"text-align":"center"}},{"key":"evnha","text":"test1","type":"ordered-list-item","depth":0,"inlineStyleRanges":[],"entityRanges":[],"data":{}},{"key":"e7mki","text":"test2","type":"ordered-list-item","depth":0,"inlineStyleRanges":[],"entityRanges":[],"data":{}},{"key":"3h722","text":"test3","type":"ordered-list-item","depth":0,"inlineStyleRanges":[],"entityRanges":[],"data":{}}],"entityMap":{}}', "2025-06-24 00:54:09", 12345678920, 12345678913, 5);
INSERT INTO Inquiries (id, title, description, general_practitioner, summary, received_date, patient_person_number, nurse_person_number, inquiry_status_id) VALUES (70, "Title Test Test", "Description Test Test Test", "General Practitioner Test", '{"blocks":[{"key":"b2ur3","text":"Test","type":"unstyled","depth":0,"inlineStyleRanges":[{"offset":0,"length":4,"style":"BOLD"}],"entityRanges":[],"data":{"text-align":"center"}},{"key":"evnha","text":"test1","type":"ordered-list-item","depth":0,"inlineStyleRanges":[],"entityRanges":[],"data":{}},{"key":"e7mki","text":"test2","type":"ordered-list-item","depth":0,"inlineStyleRanges":[],"entityRanges":[],"data":{}},{"key":"3h722","text":"test3","type":"ordered-list-item","depth":0,"inlineStyleRanges":[],"entityRanges":[],"data":{}}],"entityMap":{}}', "2025-06-24 00:03:09", 12345678920, 12345678914, 5);
INSERT INTO Inquiries (id, title, description, general_practitioner, summary, received_date, patient_person_number, nurse_person_number, inquiry_status_id) VALUES (71, "Title Test Test", "Description Test Test Test", "General Practitioner Test", '{"blocks":[{"key":"b2ur3","text":"Test","type":"unstyled","depth":0,"inlineStyleRanges":[{"offset":0,"length":4,"style":"BOLD"}],"entityRanges":[],"data":{"text-align":"center"}},{"key":"evnha","text":"test1","type":"ordered-list-item","depth":0,"inlineStyleRanges":[],"entityRanges":[],"data":{}},{"key":"e7mki","text":"test2","type":"ordered-list-item","depth":0,"inlineStyleRanges":[],"entityRanges":[],"data":{}},{"key":"3h722","text":"test3","type":"ordered-list-item","depth":0,"inlineStyleRanges":[],"entityRanges":[],"data":{}}],"entityMap":{}}', "2025-06-24 00:13:09", 12345678920, 12345678910, 5);
INSERT INTO Inquiries (id, title, description, general_practitioner, summary, received_date, patient_person_number, nurse_person_number, inquiry_status_id) VALUES (72, "Title Test Test", "Description Test Test Test", "General Practitioner Test", '{"blocks":[{"key":"b2ur3","text":"Test","type":"unstyled","depth":0,"inlineStyleRanges":[{"offset":0,"length":4,"style":"BOLD"}],"entityRanges":[],"data":{"text-align":"center"}},{"key":"evnha","text":"test1","type":"ordered-list-item","depth":0,"inlineStyleRanges":[],"entityRanges":[],"data":{}},{"key":"e7mki","text":"test2","type":"ordered-list-item","depth":0,"inlineStyleRanges":[],"entityRanges":[],"data":{}},{"key":"3h722","text":"test3","type":"ordered-list-item","depth":0,"inlineStyleRanges":[],"entityRanges":[],"data":{}}],"entityMap":{}}', "2025-06-24 00:23:09", 12345678920, 12345678911, 5);
INSERT INTO Inquiries (id, title, description, general_practitioner, summary, received_date, patient_person_number, nurse_person_number, inquiry_status_id) VALUES (73, "Title Test Test", "Description Test Test Test", "General Practitioner Test", '{"blocks":[{"key":"b2ur3","text":"Test","type":"unstyled","depth":0,"inlineStyleRanges":[{"offset":0,"length":4,"style":"BOLD"}],"entityRanges":[],"data":{"text-align":"center"}},{"key":"evnha","text":"test1","type":"ordered-list-item","depth":0,"inlineStyleRanges":[],"entityRanges":[],"data":{}},{"key":"e7mki","text":"test2","type":"ordered-list-item","depth":0,"inlineStyleRanges":[],"entityRanges":[],"data":{}},{"key":"3h722","text":"test3","type":"ordered-list-item","depth":0,"inlineStyleRanges":[],"entityRanges":[],"data":{}}],"entityMap":{}}', "2025-06-24 00:33:09", 12345678920, 12345678912, 5);
INSERT INTO Inquiries (id, title, description, general_practitioner, summary, received_date, patient_person_number, nurse_person_number, inquiry_status_id) VALUES (74, "Title Test Test", "Description Test Test Test", "General Practitioner Test", '{"blocks":[{"key":"b2ur3","text":"Test","type":"unstyled","depth":0,"inlineStyleRanges":[{"offset":0,"length":4,"style":"BOLD"}],"entityRanges":[],"data":{"text-align":"center"}},{"key":"evnha","text":"test1","type":"ordered-list-item","depth":0,"inlineStyleRanges":[],"entityRanges":[],"data":{}},{"key":"e7mki","text":"test2","type":"ordered-list-item","depth":0,"inlineStyleRanges":[],"entityRanges":[],"data":{}},{"key":"3h722","text":"test3","type":"ordered-list-item","depth":0,"inlineStyleRanges":[],"entityRanges":[],"data":{}}],"entityMap":{}}', "2025-06-24 00:43:09", 12345678920, 12345678913, 5);
INSERT INTO Inquiries (id, title, description, general_practitioner, summary, received_date, patient_person_number, nurse_person_number, inquiry_status_id) VALUES (75, "Title Test Test", "Description Test Test Test", "General Practitioner Test", '{"blocks":[{"key":"b2ur3","text":"Test","type":"unstyled","depth":0,"inlineStyleRanges":[{"offset":0,"length":4,"style":"BOLD"}],"entityRanges":[],"data":{"text-align":"center"}},{"key":"evnha","text":"test1","type":"ordered-list-item","depth":0,"inlineStyleRanges":[],"entityRanges":[],"data":{}},{"key":"e7mki","text":"test2","type":"ordered-list-item","depth":0,"inlineStyleRanges":[],"entityRanges":[],"data":{}},{"key":"3h722","text":"test3","type":"ordered-list-item","depth":0,"inlineStyleRanges":[],"entityRanges":[],"data":{}}],"entityMap":{}}', "2025-06-24 00:53:09", 12345678920, 12345678914, 5);
INSERT INTO Inquiries (id, title, description, general_practitioner, summary, received_date, patient_person_number, nurse_person_number, inquiry_status_id) VALUES (76, "Title Test Test", "Description Test Test Test", "General Practitioner Test", '{"blocks":[{"key":"b2ur3","text":"Test","type":"unstyled","depth":0,"inlineStyleRanges":[{"offset":0,"length":4,"style":"BOLD"}],"entityRanges":[],"data":{"text-align":"center"}},{"key":"evnha","text":"test1","type":"ordered-list-item","depth":0,"inlineStyleRanges":[],"entityRanges":[],"data":{}},{"key":"e7mki","text":"test2","type":"ordered-list-item","depth":0,"inlineStyleRanges":[],"entityRanges":[],"data":{}},{"key":"3h722","text":"test3","type":"ordered-list-item","depth":0,"inlineStyleRanges":[],"entityRanges":[],"data":{}}],"entityMap":{}}', "2025-06-24 00:02:09", 12345678920, 12345678910, 5);
INSERT INTO Inquiries (id, title, description, general_practitioner, summary, received_date, patient_person_number, nurse_person_number, inquiry_status_id) VALUES (77, "Title Test Test", "Description Test Test Test", "General Practitioner Test", '{"blocks":[{"key":"b2ur3","text":"Test","type":"unstyled","depth":0,"inlineStyleRanges":[{"offset":0,"length":4,"style":"BOLD"}],"entityRanges":[],"data":{"text-align":"center"}},{"key":"evnha","text":"test1","type":"ordered-list-item","depth":0,"inlineStyleRanges":[],"entityRanges":[],"data":{}},{"key":"e7mki","text":"test2","type":"ordered-list-item","depth":0,"inlineStyleRanges":[],"entityRanges":[],"data":{}},{"key":"3h722","text":"test3","type":"ordered-list-item","depth":0,"inlineStyleRanges":[],"entityRanges":[],"data":{}}],"entityMap":{}}', "2025-06-24 00:12:09", 12345678920, 12345678911, 5);
INSERT INTO Inquiries (id, title, description, general_practitioner, summary, received_date, patient_person_number, nurse_person_number, inquiry_status_id) VALUES (78, "Title Test Test", "Description Test Test Test", "General Practitioner Test", '{"blocks":[{"key":"b2ur3","text":"Test","type":"unstyled","depth":0,"inlineStyleRanges":[{"offset":0,"length":4,"style":"BOLD"}],"entityRanges":[],"data":{"text-align":"center"}},{"key":"evnha","text":"test1","type":"ordered-list-item","depth":0,"inlineStyleRanges":[],"entityRanges":[],"data":{}},{"key":"e7mki","text":"test2","type":"ordered-list-item","depth":0,"inlineStyleRanges":[],"entityRanges":[],"data":{}},{"key":"3h722","text":"test3","type":"ordered-list-item","depth":0,"inlineStyleRanges":[],"entityRanges":[],"data":{}}],"entityMap":{}}', "2025-06-24 00:22:09", 12345678920, 12345678912, 5);
INSERT INTO Inquiries (id, title, description, general_practitioner, summary, received_date, patient_person_number, nurse_person_number, inquiry_status_id) VALUES (79, "Title Test Test", "Description Test Test Test", "General Practitioner Test", '{"blocks":[{"key":"b2ur3","text":"Test","type":"unstyled","depth":0,"inlineStyleRanges":[{"offset":0,"length":4,"style":"BOLD"}],"entityRanges":[],"data":{"text-align":"center"}},{"key":"evnha","text":"test1","type":"ordered-list-item","depth":0,"inlineStyleRanges":[],"entityRanges":[],"data":{}},{"key":"e7mki","text":"test2","type":"ordered-list-item","depth":0,"inlineStyleRanges":[],"entityRanges":[],"data":{}},{"key":"3h722","text":"test3","type":"ordered-list-item","depth":0,"inlineStyleRanges":[],"entityRanges":[],"data":{}}],"entityMap":{}}', "2025-07-24 00:04:09", 12345678920, 12345678913, 5);
INSERT INTO Inquiries (id, title, description, general_practitioner, summary, received_date, patient_person_number, nurse_person_number, inquiry_status_id) VALUES (80, "Title Test Test", "Description Test Test Test", "General Practitioner Test", '{"blocks":[{"key":"b2ur3","text":"Test","type":"unstyled","depth":0,"inlineStyleRanges":[{"offset":0,"length":4,"style":"BOLD"}],"entityRanges":[],"data":{"text-align":"center"}},{"key":"evnha","text":"test1","type":"ordered-list-item","depth":0,"inlineStyleRanges":[],"entityRanges":[],"data":{}},{"key":"e7mki","text":"test2","type":"ordered-list-item","depth":0,"inlineStyleRanges":[],"entityRanges":[],"data":{}},{"key":"3h722","text":"test3","type":"ordered-list-item","depth":0,"inlineStyleRanges":[],"entityRanges":[],"data":{}}],"entityMap":{}}', "2025-07-24 00:14:09", 12345678920, 12345678914, 5);
INSERT INTO Inquiries (id, title, description, general_practitioner, summary, received_date, patient_person_number, nurse_person_number, inquiry_status_id) VALUES (81, "Title Test Test", "Description Test Test Test", "General Practitioner Test", '{"blocks":[{"key":"b2ur3","text":"Test","type":"unstyled","depth":0,"inlineStyleRanges":[{"offset":0,"length":4,"style":"BOLD"}],"entityRanges":[],"data":{"text-align":"center"}},{"key":"evnha","text":"test1","type":"ordered-list-item","depth":0,"inlineStyleRanges":[],"entityRanges":[],"data":{}},{"key":"e7mki","text":"test2","type":"ordered-list-item","depth":0,"inlineStyleRanges":[],"entityRanges":[],"data":{}},{"key":"3h722","text":"test3","type":"ordered-list-item","depth":0,"inlineStyleRanges":[],"entityRanges":[],"data":{}}],"entityMap":{}}', "2024-06-24 00:04:09", 12345678920, 12345678910, 5);
INSERT INTO Inquiries (id, title, description, general_practitioner, summary, received_date, patient_person_number, nurse_person_number, inquiry_status_id) VALUES (82, "Title Test Test", "Description Test Test Test", "General Practitioner Test", '{"blocks":[{"key":"b2ur3","text":"Test","type":"unstyled","depth":0,"inlineStyleRanges":[{"offset":0,"length":4,"style":"BOLD"}],"entityRanges":[],"data":{"text-align":"center"}},{"key":"evnha","text":"test1","type":"ordered-list-item","depth":0,"inlineStyleRanges":[],"entityRanges":[],"data":{}},{"key":"e7mki","text":"test2","type":"ordered-list-item","depth":0,"inlineStyleRanges":[],"entityRanges":[],"data":{}},{"key":"3h722","text":"test3","type":"ordered-list-item","depth":0,"inlineStyleRanges":[],"entityRanges":[],"data":{}}],"entityMap":{}}', "2024-06-24 00:14:09", 12345678920, 12345678911, 5);
INSERT INTO Inquiries (id, title, description, general_practitioner, summary, received_date, patient_person_number, nurse_person_number, inquiry_status_id) VALUES (83, "Title Test Test", "Description Test Test Test", "General Practitioner Test", '{"blocks":[{"key":"b2ur3","text":"Test","type":"unstyled","depth":0,"inlineStyleRanges":[{"offset":0,"length":4,"style":"BOLD"}],"entityRanges":[],"data":{"text-align":"center"}},{"key":"evnha","text":"test1","type":"ordered-list-item","depth":0,"inlineStyleRanges":[],"entityRanges":[],"data":{}},{"key":"e7mki","text":"test2","type":"ordered-list-item","depth":0,"inlineStyleRanges":[],"entityRanges":[],"data":{}},{"key":"3h722","text":"test3","type":"ordered-list-item","depth":0,"inlineStyleRanges":[],"entityRanges":[],"data":{}}],"entityMap":{}}', "2024-06-24 00:24:09", 12345678920, 12345678912, 5);
INSERT INTO Inquiries (id, title, description, general_practitioner, summary, received_date, patient_person_number, nurse_person_number, inquiry_status_id) VALUES (84, "Title Test Test", "Description Test Test Test", "General Practitioner Test", '{"blocks":[{"key":"b2ur3","text":"Test","type":"unstyled","depth":0,"inlineStyleRanges":[{"offset":0,"length":4,"style":"BOLD"}],"entityRanges":[],"data":{"text-align":"center"}},{"key":"evnha","text":"test1","type":"ordered-list-item","depth":0,"inlineStyleRanges":[],"entityRanges":[],"data":{}},{"key":"e7mki","text":"test2","type":"ordered-list-item","depth":0,"inlineStyleRanges":[],"entityRanges":[],"data":{}},{"key":"3h722","text":"test3","type":"ordered-list-item","depth":0,"inlineStyleRanges":[],"entityRanges":[],"data":{}}],"entityMap":{}}', "2024-06-24 00:34:09", 12345678920, 12345678913, 5);
INSERT INTO Inquiries (id, title, description, general_practitioner, summary, received_date, patient_person_number, nurse_person_number, inquiry_status_id) VALUES (85, "Title Test Test", "Description Test Test Test", "General Practitioner Test", '{"blocks":[{"key":"b2ur3","text":"Test","type":"unstyled","depth":0,"inlineStyleRanges":[{"offset":0,"length":4,"style":"BOLD"}],"entityRanges":[],"data":{"text-align":"center"}},{"key":"evnha","text":"test1","type":"ordered-list-item","depth":0,"inlineStyleRanges":[],"entityRanges":[],"data":{}},{"key":"e7mki","text":"test2","type":"ordered-list-item","depth":0,"inlineStyleRanges":[],"entityRanges":[],"data":{}},{"key":"3h722","text":"test3","type":"ordered-list-item","depth":0,"inlineStyleRanges":[],"entityRanges":[],"data":{}}],"entityMap":{}}', "2024-06-24 00:44:09", 12345678920, 12345678914, 5);
INSERT INTO Inquiries (id, title, description, general_practitioner, summary, received_date, patient_person_number, nurse_person_number, inquiry_status_id) VALUES (86, "Title Test Test", "Description Test Test Test", "General Practitioner Test", '{"blocks":[{"key":"b2ur3","text":"Test","type":"unstyled","depth":0,"inlineStyleRanges":[{"offset":0,"length":4,"style":"BOLD"}],"entityRanges":[],"data":{"text-align":"center"}},{"key":"evnha","text":"test1","type":"ordered-list-item","depth":0,"inlineStyleRanges":[],"entityRanges":[],"data":{}},{"key":"e7mki","text":"test2","type":"ordered-list-item","depth":0,"inlineStyleRanges":[],"entityRanges":[],"data":{}},{"key":"3h722","text":"test3","type":"ordered-list-item","depth":0,"inlineStyleRanges":[],"entityRanges":[],"data":{}}],"entityMap":{}}', "2024-06-24 00:54:09", 12345678920, 12345678910, 5);
INSERT INTO Inquiries (id, title, description, general_practitioner, summary, received_date, patient_person_number, nurse_person_number, inquiry_status_id) VALUES (87, "Title Test Test", "Description Test Test Test", "General Practitioner Test", '{"blocks":[{"key":"b2ur3","text":"Test","type":"unstyled","depth":0,"inlineStyleRanges":[{"offset":0,"length":4,"style":"BOLD"}],"entityRanges":[],"data":{"text-align":"center"}},{"key":"evnha","text":"test1","type":"ordered-list-item","depth":0,"inlineStyleRanges":[],"entityRanges":[],"data":{}},{"key":"e7mki","text":"test2","type":"ordered-list-item","depth":0,"inlineStyleRanges":[],"entityRanges":[],"data":{}},{"key":"3h722","text":"test3","type":"ordered-list-item","depth":0,"inlineStyleRanges":[],"entityRanges":[],"data":{}}],"entityMap":{}}', "2024-06-24 00:03:09", 12345678915, 12345678911, 5);
INSERT INTO Inquiries (id, title, description, general_practitioner, summary, received_date, patient_person_number, nurse_person_number, inquiry_status_id) VALUES (88, "Title Test Test", "Description Test Test Test", "General Practitioner Test", '{"blocks":[{"key":"b2ur3","text":"Test","type":"unstyled","depth":0,"inlineStyleRanges":[{"offset":0,"length":4,"style":"BOLD"}],"entityRanges":[],"data":{"text-align":"center"}},{"key":"evnha","text":"test1","type":"ordered-list-item","depth":0,"inlineStyleRanges":[],"entityRanges":[],"data":{}},{"key":"e7mki","text":"test2","type":"ordered-list-item","depth":0,"inlineStyleRanges":[],"entityRanges":[],"data":{}},{"key":"3h722","text":"test3","type":"ordered-list-item","depth":0,"inlineStyleRanges":[],"entityRanges":[],"data":{}}],"entityMap":{}}', "2024-06-24 00:13:09", 12345678915, 12345678912, 5);
INSERT INTO Inquiries (id, title, description, general_practitioner, summary, received_date, patient_person_number, nurse_person_number, inquiry_status_id) VALUES (89, "Title Test Test", "Description Test Test Test", "General Practitioner Test", '{"blocks":[{"key":"b2ur3","text":"Test","type":"unstyled","depth":0,"inlineStyleRanges":[{"offset":0,"length":4,"style":"BOLD"}],"entityRanges":[],"data":{"text-align":"center"}},{"key":"evnha","text":"test1","type":"ordered-list-item","depth":0,"inlineStyleRanges":[],"entityRanges":[],"data":{}},{"key":"e7mki","text":"test2","type":"ordered-list-item","depth":0,"inlineStyleRanges":[],"entityRanges":[],"data":{}},{"key":"3h722","text":"test3","type":"ordered-list-item","depth":0,"inlineStyleRanges":[],"entityRanges":[],"data":{}}],"entityMap":{}}', "2024-06-24 00:23:09", 12345678915, 12345678913, 5);
INSERT INTO Inquiries (id, title, description, general_practitioner, summary, received_date, patient_person_number, nurse_person_number, inquiry_status_id) VALUES (90, "Title Test Test", "Description Test Test Test", "General Practitioner Test", '{"blocks":[{"key":"b2ur3","text":"Test","type":"unstyled","depth":0,"inlineStyleRanges":[{"offset":0,"length":4,"style":"BOLD"}],"entityRanges":[],"data":{"text-align":"center"}},{"key":"evnha","text":"test1","type":"ordered-list-item","depth":0,"inlineStyleRanges":[],"entityRanges":[],"data":{}},{"key":"e7mki","text":"test2","type":"ordered-list-item","depth":0,"inlineStyleRanges":[],"entityRanges":[],"data":{}},{"key":"3h722","text":"test3","type":"ordered-list-item","depth":0,"inlineStyleRanges":[],"entityRanges":[],"data":{}}],"entityMap":{}}', "2024-06-24 00:33:09", 12345678916, 12345678914, 5);
INSERT INTO Inquiries (id, title, description, general_practitioner, summary, received_date, patient_person_number, nurse_person_number, inquiry_status_id) VALUES (91, "Title Test Test", "Description Test Test Test", "General Practitioner Test", '{"blocks":[{"key":"b2ur3","text":"Test","type":"unstyled","depth":0,"inlineStyleRanges":[{"offset":0,"length":4,"style":"BOLD"}],"entityRanges":[],"data":{"text-align":"center"}},{"key":"evnha","text":"test1","type":"ordered-list-item","depth":0,"inlineStyleRanges":[],"entityRanges":[],"data":{}},{"key":"e7mki","text":"test2","type":"ordered-list-item","depth":0,"inlineStyleRanges":[],"entityRanges":[],"data":{}},{"key":"3h722","text":"test3","type":"ordered-list-item","depth":0,"inlineStyleRanges":[],"entityRanges":[],"data":{}}],"entityMap":{}}', "2024-06-24 00:43:09", 12345678916, 12345678910, 5);
INSERT INTO Inquiries (id, title, description, general_practitioner, summary, received_date, patient_person_number, nurse_person_number, inquiry_status_id) VALUES (92, "Title Test Test", "Description Test Test Test", "General Practitioner Test", '{"blocks":[{"key":"b2ur3","text":"Test","type":"unstyled","depth":0,"inlineStyleRanges":[{"offset":0,"length":4,"style":"BOLD"}],"entityRanges":[],"data":{"text-align":"center"}},{"key":"evnha","text":"test1","type":"ordered-list-item","depth":0,"inlineStyleRanges":[],"entityRanges":[],"data":{}},{"key":"e7mki","text":"test2","type":"ordered-list-item","depth":0,"inlineStyleRanges":[],"entityRanges":[],"data":{}},{"key":"3h722","text":"test3","type":"ordered-list-item","depth":0,"inlineStyleRanges":[],"entityRanges":[],"data":{}}],"entityMap":{}}', "2024-06-24 00:53:09", 12345678916, 12345678911, 5);
INSERT INTO Inquiries (id, title, description, general_practitioner, summary, received_date, patient_person_number, nurse_person_number, inquiry_status_id) VALUES (93, "Title Test Test", "Description Test Test Test", "General Practitioner Test", '{"blocks":[{"key":"b2ur3","text":"Test","type":"unstyled","depth":0,"inlineStyleRanges":[{"offset":0,"length":4,"style":"BOLD"}],"entityRanges":[],"data":{"text-align":"center"}},{"key":"evnha","text":"test1","type":"ordered-list-item","depth":0,"inlineStyleRanges":[],"entityRanges":[],"data":{}},{"key":"e7mki","text":"test2","type":"ordered-list-item","depth":0,"inlineStyleRanges":[],"entityRanges":[],"data":{}},{"key":"3h722","text":"test3","type":"ordered-list-item","depth":0,"inlineStyleRanges":[],"entityRanges":[],"data":{}}],"entityMap":{}}', "2024-06-24 00:02:09", 12345678916, 12345678912, 5);
INSERT INTO Inquiries (id, title, description, general_practitioner, summary, received_date, patient_person_number, nurse_person_number, inquiry_status_id) VALUES (94, "Title Test Test", "Description Test Test Test", "General Practitioner Test", '{"blocks":[{"key":"b2ur3","text":"Test","type":"unstyled","depth":0,"inlineStyleRanges":[{"offset":0,"length":4,"style":"BOLD"}],"entityRanges":[],"data":{"text-align":"center"}},{"key":"evnha","text":"test1","type":"ordered-list-item","depth":0,"inlineStyleRanges":[],"entityRanges":[],"data":{}},{"key":"e7mki","text":"test2","type":"ordered-list-item","depth":0,"inlineStyleRanges":[],"entityRanges":[],"data":{}},{"key":"3h722","text":"test3","type":"ordered-list-item","depth":0,"inlineStyleRanges":[],"entityRanges":[],"data":{}}],"entityMap":{}}', "2024-06-24 00:12:09", 12345678916, 12345678913, 5);
INSERT INTO Inquiries (id, title, description, general_practitioner, summary, received_date, patient_person_number, nurse_person_number, inquiry_status_id) VALUES (95, "Title Test Test", "Description Test Test Test", "General Practitioner Test", '{"blocks":[{"key":"b2ur3","text":"Test","type":"unstyled","depth":0,"inlineStyleRanges":[{"offset":0,"length":4,"style":"BOLD"}],"entityRanges":[],"data":{"text-align":"center"}},{"key":"evnha","text":"test1","type":"ordered-list-item","depth":0,"inlineStyleRanges":[],"entityRanges":[],"data":{}},{"key":"e7mki","text":"test2","type":"ordered-list-item","depth":0,"inlineStyleRanges":[],"entityRanges":[],"data":{}},{"key":"3h722","text":"test3","type":"ordered-list-item","depth":0,"inlineStyleRanges":[],"entityRanges":[],"data":{}}],"entityMap":{}}', "2024-06-24 00:22:09", 12345678916, 12345678914, 5);
INSERT INTO Inquiries (id, title, description, general_practitioner, summary, received_date, patient_person_number, nurse_person_number, inquiry_status_id) VALUES (96, "Title Test Test", "Description Test Test Test", "General Practitioner Test", '{"blocks":[{"key":"b2ur3","text":"Test","type":"unstyled","depth":0,"inlineStyleRanges":[{"offset":0,"length":4,"style":"BOLD"}],"entityRanges":[],"data":{"text-align":"center"}},{"key":"evnha","text":"test1","type":"ordered-list-item","depth":0,"inlineStyleRanges":[],"entityRanges":[],"data":{}},{"key":"e7mki","text":"test2","type":"ordered-list-item","depth":0,"inlineStyleRanges":[],"entityRanges":[],"data":{}},{"key":"3h722","text":"test3","type":"ordered-list-item","depth":0,"inlineStyleRanges":[],"entityRanges":[],"data":{}}],"entityMap":{}}', "2024-07-24 00:04:09", 12345678917, 12345678910, 5);
INSERT INTO Inquiries (id, title, description, general_practitioner, summary, received_date, patient_person_number, nurse_person_number, inquiry_status_id) VALUES (97, "Title Test Test", "Description Test Test Test", "General Practitioner Test", '{"blocks":[{"key":"b2ur3","text":"Test","type":"unstyled","depth":0,"inlineStyleRanges":[{"offset":0,"length":4,"style":"BOLD"}],"entityRanges":[],"data":{"text-align":"center"}},{"key":"evnha","text":"test1","type":"ordered-list-item","depth":0,"inlineStyleRanges":[],"entityRanges":[],"data":{}},{"key":"e7mki","text":"test2","type":"ordered-list-item","depth":0,"inlineStyleRanges":[],"entityRanges":[],"data":{}},{"key":"3h722","text":"test3","type":"ordered-list-item","depth":0,"inlineStyleRanges":[],"entityRanges":[],"data":{}}],"entityMap":{}}', "2024-07-24 00:14:09", 12345678917, 12345678911, 5);
INSERT INTO Inquiries (id, title, description, general_practitioner, summary, received_date, patient_person_number, nurse_person_number, inquiry_status_id) VALUES (98, "Title Test Test", "Description Test Test Test", "General Practitioner Test", '{"blocks":[{"key":"b2ur3","text":"Test","type":"unstyled","depth":0,"inlineStyleRanges":[{"offset":0,"length":4,"style":"BOLD"}],"entityRanges":[],"data":{"text-align":"center"}},{"key":"evnha","text":"test1","type":"ordered-list-item","depth":0,"inlineStyleRanges":[],"entityRanges":[],"data":{}},{"key":"e7mki","text":"test2","type":"ordered-list-item","depth":0,"inlineStyleRanges":[],"entityRanges":[],"data":{}},{"key":"3h722","text":"test3","type":"ordered-list-item","depth":0,"inlineStyleRanges":[],"entityRanges":[],"data":{}}],"entityMap":{}}', "2024-07-24 00:24:09", 12345678917, 12345678912, 5);
INSERT INTO Inquiries (id, title, description, general_practitioner, summary, received_date, patient_person_number, nurse_person_number, inquiry_status_id) VALUES (99, "Title Test Test", "Description Test Test Test", "General Practitioner Test", '{"blocks":[{"key":"b2ur3","text":"Test","type":"unstyled","depth":0,"inlineStyleRanges":[{"offset":0,"length":4,"style":"BOLD"}],"entityRanges":[],"data":{"text-align":"center"}},{"key":"evnha","text":"test1","type":"ordered-list-item","depth":0,"inlineStyleRanges":[],"entityRanges":[],"data":{}},{"key":"e7mki","text":"test2","type":"ordered-list-item","depth":0,"inlineStyleRanges":[],"entityRanges":[],"data":{}},{"key":"3h722","text":"test3","type":"ordered-list-item","depth":0,"inlineStyleRanges":[],"entityRanges":[],"data":{}}],"entityMap":{}}', "2024-07-24 00:34:09", 12345678917, 12345678913, 5);
INSERT INTO Inquiries (id, title, description, general_practitioner, summary, received_date, patient_person_number, nurse_person_number, inquiry_status_id) VALUES (100, "Title Test Test", "Description Test Test Test", "General Practitioner Test", '{"blocks":[{"key":"b2ur3","text":"Test","type":"unstyled","depth":0,"inlineStyleRanges":[{"offset":0,"length":4,"style":"BOLD"}],"entityRanges":[],"data":{"text-align":"center"}},{"key":"evnha","text":"test1","type":"ordered-list-item","depth":0,"inlineStyleRanges":[],"entityRanges":[],"data":{}},{"key":"e7mki","text":"test2","type":"ordered-list-item","depth":0,"inlineStyleRanges":[],"entityRanges":[],"data":{}},{"key":"3h722","text":"test3","type":"ordered-list-item","depth":0,"inlineStyleRanges":[],"entityRanges":[],"data":{}}],"entityMap":{}}', "2024-07-24 00:44:09", 12345678917, 12345678914, 5);
INSERT INTO Inquiries (id, title, description, general_practitioner, summary, received_date, patient_person_number, nurse_person_number, inquiry_status_id) VALUES (101, "Title Test Test", "Description Test Test Test", "General Practitioner Test", '{"blocks":[{"key":"b2ur3","text":"Test","type":"unstyled","depth":0,"inlineStyleRanges":[{"offset":0,"length":4,"style":"BOLD"}],"entityRanges":[],"data":{"text-align":"center"}},{"key":"evnha","text":"test1","type":"ordered-list-item","depth":0,"inlineStyleRanges":[],"entityRanges":[],"data":{}},{"key":"e7mki","text":"test2","type":"ordered-list-item","depth":0,"inlineStyleRanges":[],"entityRanges":[],"data":{}},{"key":"3h722","text":"test3","type":"ordered-list-item","depth":0,"inlineStyleRanges":[],"entityRanges":[],"data":{}}],"entityMap":{}}', "2024-07-24 00:54:09", 12345678917, 12345678910, 5);
INSERT INTO Inquiries (id, title, description, general_practitioner, summary, received_date, patient_person_number, nurse_person_number, inquiry_status_id) VALUES (102, "Title Test Test", "Description Test Test Test", "General Practitioner Test", '{"blocks":[{"key":"b2ur3","text":"Test","type":"unstyled","depth":0,"inlineStyleRanges":[{"offset":0,"length":4,"style":"BOLD"}],"entityRanges":[],"data":{"text-align":"center"}},{"key":"evnha","text":"test1","type":"ordered-list-item","depth":0,"inlineStyleRanges":[],"entityRanges":[],"data":{}},{"key":"e7mki","text":"test2","type":"ordered-list-item","depth":0,"inlineStyleRanges":[],"entityRanges":[],"data":{}},{"key":"3h722","text":"test3","type":"ordered-list-item","depth":0,"inlineStyleRanges":[],"entityRanges":[],"data":{}}],"entityMap":{}}', "2024-07-24 00:03:09", 12345678917, 12345678911, 5);
INSERT INTO Inquiries (id, title, description, general_practitioner, summary, received_date, patient_person_number, nurse_person_number, inquiry_status_id) VALUES (103, "Title Test Test", "Description Test Test Test", "General Practitioner Test", '{"blocks":[{"key":"b2ur3","text":"Test","type":"unstyled","depth":0,"inlineStyleRanges":[{"offset":0,"length":4,"style":"BOLD"}],"entityRanges":[],"data":{"text-align":"center"}},{"key":"evnha","text":"test1","type":"ordered-list-item","depth":0,"inlineStyleRanges":[],"entityRanges":[],"data":{}},{"key":"e7mki","text":"test2","type":"ordered-list-item","depth":0,"inlineStyleRanges":[],"entityRanges":[],"data":{}},{"key":"3h722","text":"test3","type":"ordered-list-item","depth":0,"inlineStyleRanges":[],"entityRanges":[],"data":{}}],"entityMap":{}}', "2024-07-24 00:13:09", 12345678917, 12345678912, 5);
INSERT INTO Inquiries (id, title, description, general_practitioner, summary, received_date, patient_person_number, nurse_person_number, inquiry_status_id) VALUES (104, "Title Test Test", "Description Test Test Test", "General Practitioner Test", '{"blocks":[{"key":"b2ur3","text":"Test","type":"unstyled","depth":0,"inlineStyleRanges":[{"offset":0,"length":4,"style":"BOLD"}],"entityRanges":[],"data":{"text-align":"center"}},{"key":"evnha","text":"test1","type":"ordered-list-item","depth":0,"inlineStyleRanges":[],"entityRanges":[],"data":{}},{"key":"e7mki","text":"test2","type":"ordered-list-item","depth":0,"inlineStyleRanges":[],"entityRanges":[],"data":{}},{"key":"3h722","text":"test3","type":"ordered-list-item","depth":0,"inlineStyleRanges":[],"entityRanges":[],"data":{}}],"entityMap":{}}', "2024-07-24 00:23:09", 12345678917, 12345678913, 5);
INSERT INTO Inquiries (id, title, description, general_practitioner, summary, received_date, patient_person_number, nurse_person_number, inquiry_status_id) VALUES (105, "Title Test Test", "Description Test Test Test", "General Practitioner Test", '{"blocks":[{"key":"b2ur3","text":"Test","type":"unstyled","depth":0,"inlineStyleRanges":[{"offset":0,"length":4,"style":"BOLD"}],"entityRanges":[],"data":{"text-align":"center"}},{"key":"evnha","text":"test1","type":"ordered-list-item","depth":0,"inlineStyleRanges":[],"entityRanges":[],"data":{}},{"key":"e7mki","text":"test2","type":"ordered-list-item","depth":0,"inlineStyleRanges":[],"entityRanges":[],"data":{}},{"key":"3h722","text":"test3","type":"ordered-list-item","depth":0,"inlineStyleRanges":[],"entityRanges":[],"data":{}}],"entityMap":{}}', "2024-07-24 00:33:09", 12345678917, 12345678914, 5);
INSERT INTO Inquiries (id, title, description, general_practitioner, summary, received_date, patient_person_number, nurse_person_number, inquiry_status_id) VALUES (106, "Title Test Test", "Description Test Test Test", "General Practitioner Test", '{"blocks":[{"key":"b2ur3","text":"Test","type":"unstyled","depth":0,"inlineStyleRanges":[{"offset":0,"length":4,"style":"BOLD"}],"entityRanges":[],"data":{"text-align":"center"}},{"key":"evnha","text":"test1","type":"ordered-list-item","depth":0,"inlineStyleRanges":[],"entityRanges":[],"data":{}},{"key":"e7mki","text":"test2","type":"ordered-list-item","depth":0,"inlineStyleRanges":[],"entityRanges":[],"data":{}},{"key":"3h722","text":"test3","type":"ordered-list-item","depth":0,"inlineStyleRanges":[],"entityRanges":[],"data":{}}],"entityMap":{}}', "2024-07-24 00:43:09", 12345678918, 12345678910, 5);
INSERT INTO Inquiries (id, title, description, general_practitioner, summary, received_date, patient_person_number, nurse_person_number, inquiry_status_id) VALUES (107, "Title Test Test", "Description Test Test Test", "General Practitioner Test", '{"blocks":[{"key":"b2ur3","text":"Test","type":"unstyled","depth":0,"inlineStyleRanges":[{"offset":0,"length":4,"style":"BOLD"}],"entityRanges":[],"data":{"text-align":"center"}},{"key":"evnha","text":"test1","type":"ordered-list-item","depth":0,"inlineStyleRanges":[],"entityRanges":[],"data":{}},{"key":"e7mki","text":"test2","type":"ordered-list-item","depth":0,"inlineStyleRanges":[],"entityRanges":[],"data":{}},{"key":"3h722","text":"test3","type":"ordered-list-item","depth":0,"inlineStyleRanges":[],"entityRanges":[],"data":{}}],"entityMap":{}}', "2024-07-24 00:53:09", 12345678918, 12345678911, 5);
INSERT INTO Inquiries (id, title, description, general_practitioner, summary, received_date, patient_person_number, nurse_person_number, inquiry_status_id) VALUES (108, "Title Test Test", "Description Test Test Test", "General Practitioner Test", '{"blocks":[{"key":"b2ur3","text":"Test","type":"unstyled","depth":0,"inlineStyleRanges":[{"offset":0,"length":4,"style":"BOLD"}],"entityRanges":[],"data":{"text-align":"center"}},{"key":"evnha","text":"test1","type":"ordered-list-item","depth":0,"inlineStyleRanges":[],"entityRanges":[],"data":{}},{"key":"e7mki","text":"test2","type":"ordered-list-item","depth":0,"inlineStyleRanges":[],"entityRanges":[],"data":{}},{"key":"3h722","text":"test3","type":"ordered-list-item","depth":0,"inlineStyleRanges":[],"entityRanges":[],"data":{}}],"entityMap":{}}', "2024-07-24 00:02:09", 12345678918, 12345678912, 5);
INSERT INTO Inquiries (id, title, description, general_practitioner, summary, received_date, patient_person_number, nurse_person_number, inquiry_status_id) VALUES (109, "Title Test Test", "Description Test Test Test", "General Practitioner Test", '{"blocks":[{"key":"b2ur3","text":"Test","type":"unstyled","depth":0,"inlineStyleRanges":[{"offset":0,"length":4,"style":"BOLD"}],"entityRanges":[],"data":{"text-align":"center"}},{"key":"evnha","text":"test1","type":"ordered-list-item","depth":0,"inlineStyleRanges":[],"entityRanges":[],"data":{}},{"key":"e7mki","text":"test2","type":"ordered-list-item","depth":0,"inlineStyleRanges":[],"entityRanges":[],"data":{}},{"key":"3h722","text":"test3","type":"ordered-list-item","depth":0,"inlineStyleRanges":[],"entityRanges":[],"data":{}}],"entityMap":{}}', "2024-08-24 00:04:09", 12345678919, 12345678913, 5);
INSERT INTO Inquiries (id, title, description, general_practitioner, summary, received_date, patient_person_number, nurse_person_number, inquiry_status_id) VALUES (110, "Title Test Test", "Description Test Test Test", "General Practitioner Test", '{"blocks":[{"key":"b2ur3","text":"Test","type":"unstyled","depth":0,"inlineStyleRanges":[{"offset":0,"length":4,"style":"BOLD"}],"entityRanges":[],"data":{"text-align":"center"}},{"key":"evnha","text":"test1","type":"ordered-list-item","depth":0,"inlineStyleRanges":[],"entityRanges":[],"data":{}},{"key":"e7mki","text":"test2","type":"ordered-list-item","depth":0,"inlineStyleRanges":[],"entityRanges":[],"data":{}},{"key":"3h722","text":"test3","type":"ordered-list-item","depth":0,"inlineStyleRanges":[],"entityRanges":[],"data":{}}],"entityMap":{}}', "2024-08-24 00:14:09", 12345678919, 12345678914, 5);
INSERT INTO Inquiries (id, title, description, general_practitioner, summary, received_date, patient_person_number, nurse_person_number, inquiry_status_id) VALUES (111, "Title Test Test", "Description Test Test Test", "General Practitioner Test", '{"blocks":[{"key":"b2ur3","text":"Test","type":"unstyled","depth":0,"inlineStyleRanges":[{"offset":0,"length":4,"style":"BOLD"}],"entityRanges":[],"data":{"text-align":"center"}},{"key":"evnha","text":"test1","type":"ordered-list-item","depth":0,"inlineStyleRanges":[],"entityRanges":[],"data":{}},{"key":"e7mki","text":"test2","type":"ordered-list-item","depth":0,"inlineStyleRanges":[],"entityRanges":[],"data":{}},{"key":"3h722","text":"test3","type":"ordered-list-item","depth":0,"inlineStyleRanges":[],"entityRanges":[],"data":{}}],"entityMap":{}}', "2024-08-24 00:24:09", 12345678919, 12345678910, 5);
INSERT INTO Inquiries (id, title, description, general_practitioner, summary, received_date, patient_person_number, nurse_person_number, inquiry_status_id) VALUES (112, "Title Test Test", "Description Test Test Test", "General Practitioner Test", '{"blocks":[{"key":"b2ur3","text":"Test","type":"unstyled","depth":0,"inlineStyleRanges":[{"offset":0,"length":4,"style":"BOLD"}],"entityRanges":[],"data":{"text-align":"center"}},{"key":"evnha","text":"test1","type":"ordered-list-item","depth":0,"inlineStyleRanges":[],"entityRanges":[],"data":{}},{"key":"e7mki","text":"test2","type":"ordered-list-item","depth":0,"inlineStyleRanges":[],"entityRanges":[],"data":{}},{"key":"3h722","text":"test3","type":"ordered-list-item","depth":0,"inlineStyleRanges":[],"entityRanges":[],"data":{}}],"entityMap":{}}', "2024-08-24 00:34:09", 12345678919, 12345678911, 5);
INSERT INTO Inquiries (id, title, description, general_practitioner, summary, received_date, patient_person_number, nurse_person_number, inquiry_status_id) VALUES (113, "Title Test Test", "Description Test Test Test", "General Practitioner Test", '{"blocks":[{"key":"b2ur3","text":"Test","type":"unstyled","depth":0,"inlineStyleRanges":[{"offset":0,"length":4,"style":"BOLD"}],"entityRanges":[],"data":{"text-align":"center"}},{"key":"evnha","text":"test1","type":"ordered-list-item","depth":0,"inlineStyleRanges":[],"entityRanges":[],"data":{}},{"key":"e7mki","text":"test2","type":"ordered-list-item","depth":0,"inlineStyleRanges":[],"entityRanges":[],"data":{}},{"key":"3h722","text":"test3","type":"ordered-list-item","depth":0,"inlineStyleRanges":[],"entityRanges":[],"data":{}}],"entityMap":{}}', "2024-08-24 00:44:09", 12345678919, 12345678912, 5);
INSERT INTO Inquiries (id, title, description, general_practitioner, summary, received_date, patient_person_number, nurse_person_number, inquiry_status_id) VALUES (114, "Title Test Test", "Description Test Test Test", "General Practitioner Test", '{"blocks":[{"key":"b2ur3","text":"Test","type":"unstyled","depth":0,"inlineStyleRanges":[{"offset":0,"length":4,"style":"BOLD"}],"entityRanges":[],"data":{"text-align":"center"}},{"key":"evnha","text":"test1","type":"ordered-list-item","depth":0,"inlineStyleRanges":[],"entityRanges":[],"data":{}},{"key":"e7mki","text":"test2","type":"ordered-list-item","depth":0,"inlineStyleRanges":[],"entityRanges":[],"data":{}},{"key":"3h722","text":"test3","type":"ordered-list-item","depth":0,"inlineStyleRanges":[],"entityRanges":[],"data":{}}],"entityMap":{}}', "2024-08-24 00:54:09", 12345678919, 12345678913, 5);
INSERT INTO Inquiries (id, title, description, general_practitioner, summary, received_date, patient_person_number, nurse_person_number, inquiry_status_id) VALUES (115, "Title Test Test", "Description Test Test Test", "General Practitioner Test", '{"blocks":[{"key":"b2ur3","text":"Test","type":"unstyled","depth":0,"inlineStyleRanges":[{"offset":0,"length":4,"style":"BOLD"}],"entityRanges":[],"data":{"text-align":"center"}},{"key":"evnha","text":"test1","type":"ordered-list-item","depth":0,"inlineStyleRanges":[],"entityRanges":[],"data":{}},{"key":"e7mki","text":"test2","type":"ordered-list-item","depth":0,"inlineStyleRanges":[],"entityRanges":[],"data":{}},{"key":"3h722","text":"test3","type":"ordered-list-item","depth":0,"inlineStyleRanges":[],"entityRanges":[],"data":{}}],"entityMap":{}}', "2024-08-24 00:03:09", 12345678919, 12345678914, 5);
INSERT INTO Inquiries (id, title, description, general_practitioner, summary, received_date, patient_person_number, nurse_person_number, inquiry_status_id) VALUES (116, "Title Test Test", "Description Test Test Test", "General Practitioner Test", '{"blocks":[{"key":"b2ur3","text":"Test","type":"unstyled","depth":0,"inlineStyleRanges":[{"offset":0,"length":4,"style":"BOLD"}],"entityRanges":[],"data":{"text-align":"center"}},{"key":"evnha","text":"test1","type":"ordered-list-item","depth":0,"inlineStyleRanges":[],"entityRanges":[],"data":{}},{"key":"e7mki","text":"test2","type":"ordered-list-item","depth":0,"inlineStyleRanges":[],"entityRanges":[],"data":{}},{"key":"3h722","text":"test3","type":"ordered-list-item","depth":0,"inlineStyleRanges":[],"entityRanges":[],"data":{}}],"entityMap":{}}', "2024-08-24 00:13:09", 12345678919, 12345678910, 5);
INSERT INTO Inquiries (id, title, description, general_practitioner, summary, received_date, patient_person_number, nurse_person_number, inquiry_status_id) VALUES (117, "Title Test Test", "Description Test Test Test", "General Practitioner Test", '{"blocks":[{"key":"b2ur3","text":"Test","type":"unstyled","depth":0,"inlineStyleRanges":[{"offset":0,"length":4,"style":"BOLD"}],"entityRanges":[],"data":{"text-align":"center"}},{"key":"evnha","text":"test1","type":"ordered-list-item","depth":0,"inlineStyleRanges":[],"entityRanges":[],"data":{}},{"key":"e7mki","text":"test2","type":"ordered-list-item","depth":0,"inlineStyleRanges":[],"entityRanges":[],"data":{}},{"key":"3h722","text":"test3","type":"ordered-list-item","depth":0,"inlineStyleRanges":[],"entityRanges":[],"data":{}}],"entityMap":{}}', "2024-08-24 00:23:09", 12345678919, 12345678911, 5);
INSERT INTO Inquiries (id, title, description, general_practitioner, summary, received_date, patient_person_number, nurse_person_number, inquiry_status_id) VALUES (118, "Title Test Test", "Description Test Test Test", "General Practitioner Test", '{"blocks":[{"key":"b2ur3","text":"Test","type":"unstyled","depth":0,"inlineStyleRanges":[{"offset":0,"length":4,"style":"BOLD"}],"entityRanges":[],"data":{"text-align":"center"}},{"key":"evnha","text":"test1","type":"ordered-list-item","depth":0,"inlineStyleRanges":[],"entityRanges":[],"data":{}},{"key":"e7mki","text":"test2","type":"ordered-list-item","depth":0,"inlineStyleRanges":[],"entityRanges":[],"data":{}},{"key":"3h722","text":"test3","type":"ordered-list-item","depth":0,"inlineStyleRanges":[],"entityRanges":[],"data":{}}],"entityMap":{}}', "2024-08-24 00:33:09", 12345678919, 12345678912, 5);
INSERT INTO Inquiries (id, title, description, general_practitioner, summary, received_date, patient_person_number, nurse_person_number, inquiry_status_id) VALUES (119, "Title Test Test", "Description Test Test Test", "General Practitioner Test", '{"blocks":[{"key":"b2ur3","text":"Test","type":"unstyled","depth":0,"inlineStyleRanges":[{"offset":0,"length":4,"style":"BOLD"}],"entityRanges":[],"data":{"text-align":"center"}},{"key":"evnha","text":"test1","type":"ordered-list-item","depth":0,"inlineStyleRanges":[],"entityRanges":[],"data":{}},{"key":"e7mki","text":"test2","type":"ordered-list-item","depth":0,"inlineStyleRanges":[],"entityRanges":[],"data":{}},{"key":"3h722","text":"test3","type":"ordered-list-item","depth":0,"inlineStyleRanges":[],"entityRanges":[],"data":{}}],"entityMap":{}}', "2024-08-24 00:43:09", 12345678919, 12345678913, 5);
INSERT INTO Inquiries (id, title, description, general_practitioner, summary, received_date, patient_person_number, nurse_person_number, inquiry_status_id) VALUES (120, "Title Test Test", "Description Test Test Test", "General Practitioner Test", '{"blocks":[{"key":"b2ur3","text":"Test","type":"unstyled","depth":0,"inlineStyleRanges":[{"offset":0,"length":4,"style":"BOLD"}],"entityRanges":[],"data":{"text-align":"center"}},{"key":"evnha","text":"test1","type":"ordered-list-item","depth":0,"inlineStyleRanges":[],"entityRanges":[],"data":{}},{"key":"e7mki","text":"test2","type":"ordered-list-item","depth":0,"inlineStyleRanges":[],"entityRanges":[],"data":{}},{"key":"3h722","text":"test3","type":"ordered-list-item","depth":0,"inlineStyleRanges":[],"entityRanges":[],"data":{}}],"entityMap":{}}', "2024-08-24 00:53:09", 12345678919, 12345678914, 5);
INSERT INTO Inquiries (id, title, description, general_practitioner, summary, received_date, patient_person_number, nurse_person_number, inquiry_status_id) VALUES (121, "Title Test Test", "Description Test Test Test", "General Practitioner Test", '{"blocks":[{"key":"b2ur3","text":"Test","type":"unstyled","depth":0,"inlineStyleRanges":[{"offset":0,"length":4,"style":"BOLD"}],"entityRanges":[],"data":{"text-align":"center"}},{"key":"evnha","text":"test1","type":"ordered-list-item","depth":0,"inlineStyleRanges":[],"entityRanges":[],"data":{}},{"key":"e7mki","text":"test2","type":"ordered-list-item","depth":0,"inlineStyleRanges":[],"entityRanges":[],"data":{}},{"key":"3h722","text":"test3","type":"ordered-list-item","depth":0,"inlineStyleRanges":[],"entityRanges":[],"data":{}}],"entityMap":{}}', "2024-09-24 00:04:09", 12345678920, 12345678910, 5);
INSERT INTO Inquiries (id, title, description, general_practitioner, summary, received_date, patient_person_number, nurse_person_number, inquiry_status_id) VALUES (122, "Title Test Test", "Description Test Test Test", "General Practitioner Test", '{"blocks":[{"key":"b2ur3","text":"Test","type":"unstyled","depth":0,"inlineStyleRanges":[{"offset":0,"length":4,"style":"BOLD"}],"entityRanges":[],"data":{"text-align":"center"}},{"key":"evnha","text":"test1","type":"ordered-list-item","depth":0,"inlineStyleRanges":[],"entityRanges":[],"data":{}},{"key":"e7mki","text":"test2","type":"ordered-list-item","depth":0,"inlineStyleRanges":[],"entityRanges":[],"data":{}},{"key":"3h722","text":"test3","type":"ordered-list-item","depth":0,"inlineStyleRanges":[],"entityRanges":[],"data":{}}],"entityMap":{}}', "2024-09-24 00:14:09", 12345678920, 12345678911, 5);
INSERT INTO Inquiries (id, title, description, general_practitioner, summary, received_date, patient_person_number, nurse_person_number, inquiry_status_id) VALUES (123, "Title Test Test", "Description Test Test Test", "General Practitioner Test", '{"blocks":[{"key":"b2ur3","text":"Test","type":"unstyled","depth":0,"inlineStyleRanges":[{"offset":0,"length":4,"style":"BOLD"}],"entityRanges":[],"data":{"text-align":"center"}},{"key":"evnha","text":"test1","type":"ordered-list-item","depth":0,"inlineStyleRanges":[],"entityRanges":[],"data":{}},{"key":"e7mki","text":"test2","type":"ordered-list-item","depth":0,"inlineStyleRanges":[],"entityRanges":[],"data":{}},{"key":"3h722","text":"test3","type":"ordered-list-item","depth":0,"inlineStyleRanges":[],"entityRanges":[],"data":{}}],"entityMap":{}}', "2024-09-24 00:24:09", 12345678920, 12345678912, 5);
INSERT INTO Inquiries (id, title, description, general_practitioner, summary, received_date, patient_person_number, nurse_person_number, inquiry_status_id) VALUES (124, "Title Test Test", "Description Test Test Test", "General Practitioner Test", '{"blocks":[{"key":"b2ur3","text":"Test","type":"unstyled","depth":0,"inlineStyleRanges":[{"offset":0,"length":4,"style":"BOLD"}],"entityRanges":[],"data":{"text-align":"center"}},{"key":"evnha","text":"test1","type":"ordered-list-item","depth":0,"inlineStyleRanges":[],"entityRanges":[],"data":{}},{"key":"e7mki","text":"test2","type":"ordered-list-item","depth":0,"inlineStyleRanges":[],"entityRanges":[],"data":{}},{"key":"3h722","text":"test3","type":"ordered-list-item","depth":0,"inlineStyleRanges":[],"entityRanges":[],"data":{}}],"entityMap":{}}', "2024-09-24 00:34:09", 12345678920, 12345678913, 5);
INSERT INTO Inquiries (id, title, description, general_practitioner, summary, received_date, patient_person_number, nurse_person_number, inquiry_status_id) VALUES (125, "Title Test Test", "Description Test Test Test", "General Practitioner Test", '{"blocks":[{"key":"b2ur3","text":"Test","type":"unstyled","depth":0,"inlineStyleRanges":[{"offset":0,"length":4,"style":"BOLD"}],"entityRanges":[],"data":{"text-align":"center"}},{"key":"evnha","text":"test1","type":"ordered-list-item","depth":0,"inlineStyleRanges":[],"entityRanges":[],"data":{}},{"key":"e7mki","text":"test2","type":"ordered-list-item","depth":0,"inlineStyleRanges":[],"entityRanges":[],"data":{}},{"key":"3h722","text":"test3","type":"ordered-list-item","depth":0,"inlineStyleRanges":[],"entityRanges":[],"data":{}}],"entityMap":{}}', "2024-09-24 00:44:09", 12345678920, 12345678914, 5);
INSERT INTO Inquiries (id, title, description, general_practitioner, summary, received_date, patient_person_number, nurse_person_number, inquiry_status_id) VALUES (126, "Title Test Test", "Description Test Test Test", "General Practitioner Test", '{"blocks":[{"key":"b2ur3","text":"Test","type":"unstyled","depth":0,"inlineStyleRanges":[{"offset":0,"length":4,"style":"BOLD"}],"entityRanges":[],"data":{"text-align":"center"}},{"key":"evnha","text":"test1","type":"ordered-list-item","depth":0,"inlineStyleRanges":[],"entityRanges":[],"data":{}},{"key":"e7mki","text":"test2","type":"ordered-list-item","depth":0,"inlineStyleRanges":[],"entityRanges":[],"data":{}},{"key":"3h722","text":"test3","type":"ordered-list-item","depth":0,"inlineStyleRanges":[],"entityRanges":[],"data":{}}],"entityMap":{}}', "2024-09-24 00:54:09", 12345678920, 12345678910, 5);
INSERT INTO Inquiries (id, title, description, general_practitioner, summary, received_date, patient_person_number, nurse_person_number, inquiry_status_id) VALUES (127, "Title Test Test", "Description Test Test Test", "General Practitioner Test", '{"blocks":[{"key":"b2ur3","text":"Test","type":"unstyled","depth":0,"inlineStyleRanges":[{"offset":0,"length":4,"style":"BOLD"}],"entityRanges":[],"data":{"text-align":"center"}},{"key":"evnha","text":"test1","type":"ordered-list-item","depth":0,"inlineStyleRanges":[],"entityRanges":[],"data":{}},{"key":"e7mki","text":"test2","type":"ordered-list-item","depth":0,"inlineStyleRanges":[],"entityRanges":[],"data":{}},{"key":"3h722","text":"test3","type":"ordered-list-item","depth":0,"inlineStyleRanges":[],"entityRanges":[],"data":{}}],"entityMap":{}}', "2024-09-24 00:03:09", 12345678920, 12345678911, 5);
INSERT INTO Inquiries (id, title, description, general_practitioner, summary, received_date, patient_person_number, nurse_person_number, inquiry_status_id) VALUES (128, "Title Test Test", "Description Test Test Test", "General Practitioner Test", '{"blocks":[{"key":"b2ur3","text":"Test","type":"unstyled","depth":0,"inlineStyleRanges":[{"offset":0,"length":4,"style":"BOLD"}],"entityRanges":[],"data":{"text-align":"center"}},{"key":"evnha","text":"test1","type":"ordered-list-item","depth":0,"inlineStyleRanges":[],"entityRanges":[],"data":{}},{"key":"e7mki","text":"test2","type":"ordered-list-item","depth":0,"inlineStyleRanges":[],"entityRanges":[],"data":{}},{"key":"3h722","text":"test3","type":"ordered-list-item","depth":0,"inlineStyleRanges":[],"entityRanges":[],"data":{}}],"entityMap":{}}', "2024-09-24 00:13:09", 12345678920, 12345678912, 5);
INSERT INTO Inquiries (id, title, description, general_practitioner, summary, received_date, patient_person_number, nurse_person_number, inquiry_status_id) VALUES (129, "Title Test Test", "Description Test Test Test", "General Practitioner Test", '{"blocks":[{"key":"b2ur3","text":"Test","type":"unstyled","depth":0,"inlineStyleRanges":[{"offset":0,"length":4,"style":"BOLD"}],"entityRanges":[],"data":{"text-align":"center"}},{"key":"evnha","text":"test1","type":"ordered-list-item","depth":0,"inlineStyleRanges":[],"entityRanges":[],"data":{}},{"key":"e7mki","text":"test2","type":"ordered-list-item","depth":0,"inlineStyleRanges":[],"entityRanges":[],"data":{}},{"key":"3h722","text":"test3","type":"ordered-list-item","depth":0,"inlineStyleRanges":[],"entityRanges":[],"data":{}}],"entityMap":{}}', "2024-09-24 00:23:09", 12345678920, 12345678913, 5);
INSERT INTO Inquiries (id, title, description, general_practitioner, summary, received_date, patient_person_number, nurse_person_number, inquiry_status_id) VALUES (130, "Title Test Test", "Description Test Test Test", "General Practitioner Test", '{"blocks":[{"key":"b2ur3","text":"Test","type":"unstyled","depth":0,"inlineStyleRanges":[{"offset":0,"length":4,"style":"BOLD"}],"entityRanges":[],"data":{"text-align":"center"}},{"key":"evnha","text":"test1","type":"ordered-list-item","depth":0,"inlineStyleRanges":[],"entityRanges":[],"data":{}},{"key":"e7mki","text":"test2","type":"ordered-list-item","depth":0,"inlineStyleRanges":[],"entityRanges":[],"data":{}},{"key":"3h722","text":"test3","type":"ordered-list-item","depth":0,"inlineStyleRanges":[],"entityRanges":[],"data":{}}],"entityMap":{}}', "2024-09-24 00:33:09", 12345678920, 12345678914, 5);
INSERT INTO Inquiries (id, title, description, general_practitioner, summary, received_date, patient_person_number, nurse_person_number, inquiry_status_id) VALUES (131, "Title Test Test", "Description Test Test Test", "General Practitioner Test", '{"blocks":[{"key":"b2ur3","text":"Test","type":"unstyled","depth":0,"inlineStyleRanges":[{"offset":0,"length":4,"style":"BOLD"}],"entityRanges":[],"data":{"text-align":"center"}},{"key":"evnha","text":"test1","type":"ordered-list-item","depth":0,"inlineStyleRanges":[],"entityRanges":[],"data":{}},{"key":"e7mki","text":"test2","type":"ordered-list-item","depth":0,"inlineStyleRanges":[],"entityRanges":[],"data":{}},{"key":"3h722","text":"test3","type":"ordered-list-item","depth":0,"inlineStyleRanges":[],"entityRanges":[],"data":{}}],"entityMap":{}}', "2024-09-24 00:43:09", 12345678920, 12345678910, 5);
INSERT INTO Inquiries (id, title, description, general_practitioner, summary, received_date, patient_person_number, nurse_person_number, inquiry_status_id) VALUES (132, "Title Test Test", "Description Test Test Test", "General Practitioner Test", '{"blocks":[{"key":"b2ur3","text":"Test","type":"unstyled","depth":0,"inlineStyleRanges":[{"offset":0,"length":4,"style":"BOLD"}],"entityRanges":[],"data":{"text-align":"center"}},{"key":"evnha","text":"test1","type":"ordered-list-item","depth":0,"inlineStyleRanges":[],"entityRanges":[],"data":{}},{"key":"e7mki","text":"test2","type":"ordered-list-item","depth":0,"inlineStyleRanges":[],"entityRanges":[],"data":{}},{"key":"3h722","text":"test3","type":"ordered-list-item","depth":0,"inlineStyleRanges":[],"entityRanges":[],"data":{}}],"entityMap":{}}', "2024-09-24 00:53:09", 12345678920, 12345678911, 5);
INSERT INTO Inquiries (id, title, description, general_practitioner, summary, received_date, patient_person_number, nurse_person_number, inquiry_status_id) VALUES (133, "Title Test Test", "Description Test Test Test", "General Practitioner Test", '{"blocks":[{"key":"b2ur3","text":"Test","type":"unstyled","depth":0,"inlineStyleRanges":[{"offset":0,"length":4,"style":"BOLD"}],"entityRanges":[],"data":{"text-align":"center"}},{"key":"evnha","text":"test1","type":"ordered-list-item","depth":0,"inlineStyleRanges":[],"entityRanges":[],"data":{}},{"key":"e7mki","text":"test2","type":"ordered-list-item","depth":0,"inlineStyleRanges":[],"entityRanges":[],"data":{}},{"key":"3h722","text":"test3","type":"ordered-list-item","depth":0,"inlineStyleRanges":[],"entityRanges":[],"data":{}}],"entityMap":{}}', "2024-09-24 00:02:09", 12345678920, 12345678912, 5);
INSERT INTO Inquiries (id, title, description, general_practitioner, summary, received_date, patient_person_number, nurse_person_number, inquiry_status_id) VALUES (134, "Title Test Test", "Description Test Test Test", "General Practitioner Test", '{"blocks":[{"key":"b2ur3","text":"Test","type":"unstyled","depth":0,"inlineStyleRanges":[{"offset":0,"length":4,"style":"BOLD"}],"entityRanges":[],"data":{"text-align":"center"}},{"key":"evnha","text":"test1","type":"ordered-list-item","depth":0,"inlineStyleRanges":[],"entityRanges":[],"data":{}},{"key":"e7mki","text":"test2","type":"ordered-list-item","depth":0,"inlineStyleRanges":[],"entityRanges":[],"data":{}},{"key":"3h722","text":"test3","type":"ordered-list-item","depth":0,"inlineStyleRanges":[],"entityRanges":[],"data":{}}],"entityMap":{}}', "2024-09-24 00:12:09", 12345678920, 12345678913, 5);
INSERT INTO Inquiries (id, title, description, general_practitioner, summary, received_date, patient_person_number, nurse_person_number, inquiry_status_id) VALUES (135, "Title Test Test", "Description Test Test Test", "General Practitioner Test", '{"blocks":[{"key":"b2ur3","text":"Test","type":"unstyled","depth":0,"inlineStyleRanges":[{"offset":0,"length":4,"style":"BOLD"}],"entityRanges":[],"data":{"text-align":"center"}},{"key":"evnha","text":"test1","type":"ordered-list-item","depth":0,"inlineStyleRanges":[],"entityRanges":[],"data":{}},{"key":"e7mki","text":"test2","type":"ordered-list-item","depth":0,"inlineStyleRanges":[],"entityRanges":[],"data":{}},{"key":"3h722","text":"test3","type":"ordered-list-item","depth":0,"inlineStyleRanges":[],"entityRanges":[],"data":{}}],"entityMap":{}}', "2024-09-24 00:22:09", 12345678915, 12345678914, 5);
INSERT INTO Inquiries (id, title, description, general_practitioner, summary, received_date, patient_person_number, nurse_person_number, inquiry_status_id) VALUES (136, "Title Test Test", "Description Test Test Test", "General Practitioner Test", '{"blocks":[{"key":"b2ur3","text":"Test","type":"unstyled","depth":0,"inlineStyleRanges":[{"offset":0,"length":4,"style":"BOLD"}],"entityRanges":[],"data":{"text-align":"center"}},{"key":"evnha","text":"test1","type":"ordered-list-item","depth":0,"inlineStyleRanges":[],"entityRanges":[],"data":{}},{"key":"e7mki","text":"test2","type":"ordered-list-item","depth":0,"inlineStyleRanges":[],"entityRanges":[],"data":{}},{"key":"3h722","text":"test3","type":"ordered-list-item","depth":0,"inlineStyleRanges":[],"entityRanges":[],"data":{}}],"entityMap":{}}', "2024-09-24 00:32:09", 12345678915, 12345678910, 5);
INSERT INTO Inquiries (id, title, description, general_practitioner, summary, received_date, patient_person_number, nurse_person_number, inquiry_status_id) VALUES (137, "Title Test Test", "Description Test Test Test", "General Practitioner Test", '{"blocks":[{"key":"b2ur3","text":"Test","type":"unstyled","depth":0,"inlineStyleRanges":[{"offset":0,"length":4,"style":"BOLD"}],"entityRanges":[],"data":{"text-align":"center"}},{"key":"evnha","text":"test1","type":"ordered-list-item","depth":0,"inlineStyleRanges":[],"entityRanges":[],"data":{}},{"key":"e7mki","text":"test2","type":"ordered-list-item","depth":0,"inlineStyleRanges":[],"entityRanges":[],"data":{}},{"key":"3h722","text":"test3","type":"ordered-list-item","depth":0,"inlineStyleRanges":[],"entityRanges":[],"data":{}}],"entityMap":{}}', "2024-09-24 00:42:09", 12345678915, 12345678911, 5);
INSERT INTO Inquiries (id, title, description, general_practitioner, summary, received_date, patient_person_number, nurse_person_number, inquiry_status_id) VALUES (138, "Title Test Test", "Description Test Test Test", "General Practitioner Test", '{"blocks":[{"key":"b2ur3","text":"Test","type":"unstyled","depth":0,"inlineStyleRanges":[{"offset":0,"length":4,"style":"BOLD"}],"entityRanges":[],"data":{"text-align":"center"}},{"key":"evnha","text":"test1","type":"ordered-list-item","depth":0,"inlineStyleRanges":[],"entityRanges":[],"data":{}},{"key":"e7mki","text":"test2","type":"ordered-list-item","depth":0,"inlineStyleRanges":[],"entityRanges":[],"data":{}},{"key":"3h722","text":"test3","type":"ordered-list-item","depth":0,"inlineStyleRanges":[],"entityRanges":[],"data":{}}],"entityMap":{}}', "2024-10-24 00:04:09", 12345678915, 12345678912, 5);
INSERT INTO Inquiries (id, title, description, general_practitioner, summary, received_date, patient_person_number, nurse_person_number, inquiry_status_id) VALUES (139, "Title Test Test", "Description Test Test Test", "General Practitioner Test", '{"blocks":[{"key":"b2ur3","text":"Test","type":"unstyled","depth":0,"inlineStyleRanges":[{"offset":0,"length":4,"style":"BOLD"}],"entityRanges":[],"data":{"text-align":"center"}},{"key":"evnha","text":"test1","type":"ordered-list-item","depth":0,"inlineStyleRanges":[],"entityRanges":[],"data":{}},{"key":"e7mki","text":"test2","type":"ordered-list-item","depth":0,"inlineStyleRanges":[],"entityRanges":[],"data":{}},{"key":"3h722","text":"test3","type":"ordered-list-item","depth":0,"inlineStyleRanges":[],"entityRanges":[],"data":{}}],"entityMap":{}}', "2024-10-24 00:14:09", 12345678915, 12345678913, 5);
INSERT INTO Inquiries (id, title, description, general_practitioner, summary, received_date, patient_person_number, nurse_person_number, inquiry_status_id) VALUES (140, "Title Test Test", "Description Test Test Test", "General Practitioner Test", '{"blocks":[{"key":"b2ur3","text":"Test","type":"unstyled","depth":0,"inlineStyleRanges":[{"offset":0,"length":4,"style":"BOLD"}],"entityRanges":[],"data":{"text-align":"center"}},{"key":"evnha","text":"test1","type":"ordered-list-item","depth":0,"inlineStyleRanges":[],"entityRanges":[],"data":{}},{"key":"e7mki","text":"test2","type":"ordered-list-item","depth":0,"inlineStyleRanges":[],"entityRanges":[],"data":{}},{"key":"3h722","text":"test3","type":"ordered-list-item","depth":0,"inlineStyleRanges":[],"entityRanges":[],"data":{}}],"entityMap":{}}', "2024-10-24 00:24:09", 12345678915, 12345678914, 5);
INSERT INTO Inquiries (id, title, description, general_practitioner, summary, received_date, patient_person_number, nurse_person_number, inquiry_status_id) VALUES (141, "Title Test Test", "Description Test Test Test", "General Practitioner Test", '{"blocks":[{"key":"b2ur3","text":"Test","type":"unstyled","depth":0,"inlineStyleRanges":[{"offset":0,"length":4,"style":"BOLD"}],"entityRanges":[],"data":{"text-align":"center"}},{"key":"evnha","text":"test1","type":"ordered-list-item","depth":0,"inlineStyleRanges":[],"entityRanges":[],"data":{}},{"key":"e7mki","text":"test2","type":"ordered-list-item","depth":0,"inlineStyleRanges":[],"entityRanges":[],"data":{}},{"key":"3h722","text":"test3","type":"ordered-list-item","depth":0,"inlineStyleRanges":[],"entityRanges":[],"data":{}}],"entityMap":{}}', "2024-10-24 00:34:09", 12345678915, 12345678910, 5);
INSERT INTO Inquiries (id, title, description, general_practitioner, summary, received_date, patient_person_number, nurse_person_number, inquiry_status_id) VALUES (142, "Title Test Test", "Description Test Test Test", "General Practitioner Test", '{"blocks":[{"key":"b2ur3","text":"Test","type":"unstyled","depth":0,"inlineStyleRanges":[{"offset":0,"length":4,"style":"BOLD"}],"entityRanges":[],"data":{"text-align":"center"}},{"key":"evnha","text":"test1","type":"ordered-list-item","depth":0,"inlineStyleRanges":[],"entityRanges":[],"data":{}},{"key":"e7mki","text":"test2","type":"ordered-list-item","depth":0,"inlineStyleRanges":[],"entityRanges":[],"data":{}},{"key":"3h722","text":"test3","type":"ordered-list-item","depth":0,"inlineStyleRanges":[],"entityRanges":[],"data":{}}],"entityMap":{}}', "2024-10-24 00:44:09", 12345678915, 12345678911, 5);
INSERT INTO Inquiries (id, title, description, general_practitioner, summary, received_date, patient_person_number, nurse_person_number, inquiry_status_id) VALUES (143, "Title Test Test", "Description Test Test Test", "General Practitioner Test", '{"blocks":[{"key":"b2ur3","text":"Test","type":"unstyled","depth":0,"inlineStyleRanges":[{"offset":0,"length":4,"style":"BOLD"}],"entityRanges":[],"data":{"text-align":"center"}},{"key":"evnha","text":"test1","type":"ordered-list-item","depth":0,"inlineStyleRanges":[],"entityRanges":[],"data":{}},{"key":"e7mki","text":"test2","type":"ordered-list-item","depth":0,"inlineStyleRanges":[],"entityRanges":[],"data":{}},{"key":"3h722","text":"test3","type":"ordered-list-item","depth":0,"inlineStyleRanges":[],"entityRanges":[],"data":{}}],"entityMap":{}}', "2024-10-24 00:54:09", 12345678915, 12345678912, 5);
INSERT INTO Inquiries (id, title, description, general_practitioner, summary, received_date, patient_person_number, nurse_person_number, inquiry_status_id) VALUES (144, "Title Test Test", "Description Test Test Test", "General Practitioner Test", '{"blocks":[{"key":"b2ur3","text":"Test","type":"unstyled","depth":0,"inlineStyleRanges":[{"offset":0,"length":4,"style":"BOLD"}],"entityRanges":[],"data":{"text-align":"center"}},{"key":"evnha","text":"test1","type":"ordered-list-item","depth":0,"inlineStyleRanges":[],"entityRanges":[],"data":{}},{"key":"e7mki","text":"test2","type":"ordered-list-item","depth":0,"inlineStyleRanges":[],"entityRanges":[],"data":{}},{"key":"3h722","text":"test3","type":"ordered-list-item","depth":0,"inlineStyleRanges":[],"entityRanges":[],"data":{}}],"entityMap":{}}', "2024-11-24 00:04:09", 12345678916, 12345678913, 5);
INSERT INTO Inquiries (id, title, description, general_practitioner, summary, received_date, patient_person_number, nurse_person_number, inquiry_status_id) VALUES (145, "Title Test Test", "Description Test Test Test", "General Practitioner Test", '{"blocks":[{"key":"b2ur3","text":"Test","type":"unstyled","depth":0,"inlineStyleRanges":[{"offset":0,"length":4,"style":"BOLD"}],"entityRanges":[],"data":{"text-align":"center"}},{"key":"evnha","text":"test1","type":"ordered-list-item","depth":0,"inlineStyleRanges":[],"entityRanges":[],"data":{}},{"key":"e7mki","text":"test2","type":"ordered-list-item","depth":0,"inlineStyleRanges":[],"entityRanges":[],"data":{}},{"key":"3h722","text":"test3","type":"ordered-list-item","depth":0,"inlineStyleRanges":[],"entityRanges":[],"data":{}}],"entityMap":{}}', "2024-11-24 00:14:09", 12345678916, 12345678914, 5);
INSERT INTO Inquiries (id, title, description, general_practitioner, summary, received_date, patient_person_number, nurse_person_number, inquiry_status_id) VALUES (146, "Title Test Test", "Description Test Test Test", "General Practitioner Test", '{"blocks":[{"key":"b2ur3","text":"Test","type":"unstyled","depth":0,"inlineStyleRanges":[{"offset":0,"length":4,"style":"BOLD"}],"entityRanges":[],"data":{"text-align":"center"}},{"key":"evnha","text":"test1","type":"ordered-list-item","depth":0,"inlineStyleRanges":[],"entityRanges":[],"data":{}},{"key":"e7mki","text":"test2","type":"ordered-list-item","depth":0,"inlineStyleRanges":[],"entityRanges":[],"data":{}},{"key":"3h722","text":"test3","type":"ordered-list-item","depth":0,"inlineStyleRanges":[],"entityRanges":[],"data":{}}],"entityMap":{}}', "2024-11-24 00:24:09", 12345678916, 12345678910, 5);
INSERT INTO Inquiries (id, title, description, general_practitioner, summary, received_date, patient_person_number, nurse_person_number, inquiry_status_id) VALUES (147, "Title Test Test", "Description Test Test Test", "General Practitioner Test", '{"blocks":[{"key":"b2ur3","text":"Test","type":"unstyled","depth":0,"inlineStyleRanges":[{"offset":0,"length":4,"style":"BOLD"}],"entityRanges":[],"data":{"text-align":"center"}},{"key":"evnha","text":"test1","type":"ordered-list-item","depth":0,"inlineStyleRanges":[],"entityRanges":[],"data":{}},{"key":"e7mki","text":"test2","type":"ordered-list-item","depth":0,"inlineStyleRanges":[],"entityRanges":[],"data":{}},{"key":"3h722","text":"test3","type":"ordered-list-item","depth":0,"inlineStyleRanges":[],"entityRanges":[],"data":{}}],"entityMap":{}}', "2024-11-24 00:34:09", 12345678916, 12345678911, 5);
INSERT INTO Inquiries (id, title, description, general_practitioner, summary, received_date, patient_person_number, nurse_person_number, inquiry_status_id) VALUES (148, "Title Test Test", "Description Test Test Test", "General Practitioner Test", '{"blocks":[{"key":"b2ur3","text":"Test","type":"unstyled","depth":0,"inlineStyleRanges":[{"offset":0,"length":4,"style":"BOLD"}],"entityRanges":[],"data":{"text-align":"center"}},{"key":"evnha","text":"test1","type":"ordered-list-item","depth":0,"inlineStyleRanges":[],"entityRanges":[],"data":{}},{"key":"e7mki","text":"test2","type":"ordered-list-item","depth":0,"inlineStyleRanges":[],"entityRanges":[],"data":{}},{"key":"3h722","text":"test3","type":"ordered-list-item","depth":0,"inlineStyleRanges":[],"entityRanges":[],"data":{}}],"entityMap":{}}', "2024-11-24 00:44:09", 12345678916, 12345678912, 5);
INSERT INTO Inquiries (id, title, description, general_practitioner, summary, received_date, patient_person_number, nurse_person_number, inquiry_status_id) VALUES (149, "Title Test Test", "Description Test Test Test", "General Practitioner Test", '{"blocks":[{"key":"b2ur3","text":"Test","type":"unstyled","depth":0,"inlineStyleRanges":[{"offset":0,"length":4,"style":"BOLD"}],"entityRanges":[],"data":{"text-align":"center"}},{"key":"evnha","text":"test1","type":"ordered-list-item","depth":0,"inlineStyleRanges":[],"entityRanges":[],"data":{}},{"key":"e7mki","text":"test2","type":"ordered-list-item","depth":0,"inlineStyleRanges":[],"entityRanges":[],"data":{}},{"key":"3h722","text":"test3","type":"ordered-list-item","depth":0,"inlineStyleRanges":[],"entityRanges":[],"data":{}}],"entityMap":{}}', "2024-11-24 00:54:09", 12345678917, 12345678913, 5);
INSERT INTO Inquiries (id, title, description, general_practitioner, summary, received_date, patient_person_number, nurse_person_number, inquiry_status_id) VALUES (150, "Title Test Test", "Description Test Test Test", "General Practitioner Test", '{"blocks":[{"key":"b2ur3","text":"Test","type":"unstyled","depth":0,"inlineStyleRanges":[{"offset":0,"length":4,"style":"BOLD"}],"entityRanges":[],"data":{"text-align":"center"}},{"key":"evnha","text":"test1","type":"ordered-list-item","depth":0,"inlineStyleRanges":[],"entityRanges":[],"data":{}},{"key":"e7mki","text":"test2","type":"ordered-list-item","depth":0,"inlineStyleRanges":[],"entityRanges":[],"data":{}},{"key":"3h722","text":"test3","type":"ordered-list-item","depth":0,"inlineStyleRanges":[],"entityRanges":[],"data":{}}],"entityMap":{}}', "2024-11-24 00:03:09", 12345678917, 12345678914, 5);
INSERT INTO Inquiries (id, title, description, general_practitioner, summary, received_date, patient_person_number, nurse_person_number, inquiry_status_id) VALUES (151, "Title Test Test", "Description Test Test Test", "General Practitioner Test", '{"blocks":[{"key":"b2ur3","text":"Test","type":"unstyled","depth":0,"inlineStyleRanges":[{"offset":0,"length":4,"style":"BOLD"}],"entityRanges":[],"data":{"text-align":"center"}},{"key":"evnha","text":"test1","type":"ordered-list-item","depth":0,"inlineStyleRanges":[],"entityRanges":[],"data":{}},{"key":"e7mki","text":"test2","type":"ordered-list-item","depth":0,"inlineStyleRanges":[],"entityRanges":[],"data":{}},{"key":"3h722","text":"test3","type":"ordered-list-item","depth":0,"inlineStyleRanges":[],"entityRanges":[],"data":{}}],"entityMap":{}}', "2024-11-24 00:13:09", 12345678917, 12345678910, 5);
INSERT INTO Inquiries (id, title, description, general_practitioner, summary, received_date, patient_person_number, nurse_person_number, inquiry_status_id) VALUES (152, "Title Test Test", "Description Test Test Test", "General Practitioner Test", '{"blocks":[{"key":"b2ur3","text":"Test","type":"unstyled","depth":0,"inlineStyleRanges":[{"offset":0,"length":4,"style":"BOLD"}],"entityRanges":[],"data":{"text-align":"center"}},{"key":"evnha","text":"test1","type":"ordered-list-item","depth":0,"inlineStyleRanges":[],"entityRanges":[],"data":{}},{"key":"e7mki","text":"test2","type":"ordered-list-item","depth":0,"inlineStyleRanges":[],"entityRanges":[],"data":{}},{"key":"3h722","text":"test3","type":"ordered-list-item","depth":0,"inlineStyleRanges":[],"entityRanges":[],"data":{}}],"entityMap":{}}', "2024-11-24 00:23:09", 12345678917, 12345678911, 5);
INSERT INTO Inquiries (id, title, description, general_practitioner, summary, received_date, patient_person_number, nurse_person_number, inquiry_status_id) VALUES (153, "Title Test Test", "Description Test Test Test", "General Practitioner Test", '{"blocks":[{"key":"b2ur3","text":"Test","type":"unstyled","depth":0,"inlineStyleRanges":[{"offset":0,"length":4,"style":"BOLD"}],"entityRanges":[],"data":{"text-align":"center"}},{"key":"evnha","text":"test1","type":"ordered-list-item","depth":0,"inlineStyleRanges":[],"entityRanges":[],"data":{}},{"key":"e7mki","text":"test2","type":"ordered-list-item","depth":0,"inlineStyleRanges":[],"entityRanges":[],"data":{}},{"key":"3h722","text":"test3","type":"ordered-list-item","depth":0,"inlineStyleRanges":[],"entityRanges":[],"data":{}}],"entityMap":{}}', "2024-11-24 00:33:09", 12345678917, 12345678912, 5);
INSERT INTO Inquiries (id, title, description, general_practitioner, summary, received_date, patient_person_number, nurse_person_number, inquiry_status_id) VALUES (154, "Title Test Test", "Description Test Test Test", "General Practitioner Test", '{"blocks":[{"key":"b2ur3","text":"Test","type":"unstyled","depth":0,"inlineStyleRanges":[{"offset":0,"length":4,"style":"BOLD"}],"entityRanges":[],"data":{"text-align":"center"}},{"key":"evnha","text":"test1","type":"ordered-list-item","depth":0,"inlineStyleRanges":[],"entityRanges":[],"data":{}},{"key":"e7mki","text":"test2","type":"ordered-list-item","depth":0,"inlineStyleRanges":[],"entityRanges":[],"data":{}},{"key":"3h722","text":"test3","type":"ordered-list-item","depth":0,"inlineStyleRanges":[],"entityRanges":[],"data":{}}],"entityMap":{}}', "2024-11-24 00:43:09", 12345678917, 12345678913, 5);
INSERT INTO Inquiries (id, title, description, general_practitioner, summary, received_date, patient_person_number, nurse_person_number, inquiry_status_id) VALUES (155, "Title Test Test", "Description Test Test Test", "General Practitioner Test", '{"blocks":[{"key":"b2ur3","text":"Test","type":"unstyled","depth":0,"inlineStyleRanges":[{"offset":0,"length":4,"style":"BOLD"}],"entityRanges":[],"data":{"text-align":"center"}},{"key":"evnha","text":"test1","type":"ordered-list-item","depth":0,"inlineStyleRanges":[],"entityRanges":[],"data":{}},{"key":"e7mki","text":"test2","type":"ordered-list-item","depth":0,"inlineStyleRanges":[],"entityRanges":[],"data":{}},{"key":"3h722","text":"test3","type":"ordered-list-item","depth":0,"inlineStyleRanges":[],"entityRanges":[],"data":{}}],"entityMap":{}}', "2024-11-24 00:53:09", 12345678917, 12345678914, 5);
INSERT INTO Inquiries (id, title, description, general_practitioner, summary, received_date, patient_person_number, nurse_person_number, inquiry_status_id) VALUES (156, "Title Test Test", "Description Test Test Test", "General Practitioner Test", '{"blocks":[{"key":"b2ur3","text":"Test","type":"unstyled","depth":0,"inlineStyleRanges":[{"offset":0,"length":4,"style":"BOLD"}],"entityRanges":[],"data":{"text-align":"center"}},{"key":"evnha","text":"test1","type":"ordered-list-item","depth":0,"inlineStyleRanges":[],"entityRanges":[],"data":{}},{"key":"e7mki","text":"test2","type":"ordered-list-item","depth":0,"inlineStyleRanges":[],"entityRanges":[],"data":{}},{"key":"3h722","text":"test3","type":"ordered-list-item","depth":0,"inlineStyleRanges":[],"entityRanges":[],"data":{}}],"entityMap":{}}', "2024-11-24 00:02:09", 12345678917, 12345678910, 5);
INSERT INTO Inquiries (id, title, description, general_practitioner, summary, received_date, patient_person_number, nurse_person_number, inquiry_status_id) VALUES (157, "Title Test Test", "Description Test Test Test", "General Practitioner Test", '{"blocks":[{"key":"b2ur3","text":"Test","type":"unstyled","depth":0,"inlineStyleRanges":[{"offset":0,"length":4,"style":"BOLD"}],"entityRanges":[],"data":{"text-align":"center"}},{"key":"evnha","text":"test1","type":"ordered-list-item","depth":0,"inlineStyleRanges":[],"entityRanges":[],"data":{}},{"key":"e7mki","text":"test2","type":"ordered-list-item","depth":0,"inlineStyleRanges":[],"entityRanges":[],"data":{}},{"key":"3h722","text":"test3","type":"ordered-list-item","depth":0,"inlineStyleRanges":[],"entityRanges":[],"data":{}}],"entityMap":{}}', "2024-11-24 00:12:09", 12345678917, 12345678911, 5);
INSERT INTO Inquiries (id, title, description, general_practitioner, summary, received_date, patient_person_number, nurse_person_number, inquiry_status_id) VALUES (158, "Title Test Test", "Description Test Test Test", "General Practitioner Test", '{"blocks":[{"key":"b2ur3","text":"Test","type":"unstyled","depth":0,"inlineStyleRanges":[{"offset":0,"length":4,"style":"BOLD"}],"entityRanges":[],"data":{"text-align":"center"}},{"key":"evnha","text":"test1","type":"ordered-list-item","depth":0,"inlineStyleRanges":[],"entityRanges":[],"data":{}},{"key":"e7mki","text":"test2","type":"ordered-list-item","depth":0,"inlineStyleRanges":[],"entityRanges":[],"data":{}},{"key":"3h722","text":"test3","type":"ordered-list-item","depth":0,"inlineStyleRanges":[],"entityRanges":[],"data":{}}],"entityMap":{}}', "2024-11-24 00:22:09", 12345678917, 12345678912, 5);
INSERT INTO Inquiries (id, title, description, general_practitioner, summary, received_date, patient_person_number, nurse_person_number, inquiry_status_id) VALUES (159, "Title Test Test", "Description Test Test Test", "General Practitioner Test", '{"blocks":[{"key":"b2ur3","text":"Test","type":"unstyled","depth":0,"inlineStyleRanges":[{"offset":0,"length":4,"style":"BOLD"}],"entityRanges":[],"data":{"text-align":"center"}},{"key":"evnha","text":"test1","type":"ordered-list-item","depth":0,"inlineStyleRanges":[],"entityRanges":[],"data":{}},{"key":"e7mki","text":"test2","type":"ordered-list-item","depth":0,"inlineStyleRanges":[],"entityRanges":[],"data":{}},{"key":"3h722","text":"test3","type":"ordered-list-item","depth":0,"inlineStyleRanges":[],"entityRanges":[],"data":{}}],"entityMap":{}}', "2024-11-01 00:04:09", 12345678917, 12345678913, 5);
INSERT INTO Inquiries (id, title, description, general_practitioner, summary, received_date, patient_person_number, nurse_person_number, inquiry_status_id) VALUES (160, "Title Test Test", "Description Test Test Test", "General Practitioner Test", '{"blocks":[{"key":"b2ur3","text":"Test","type":"unstyled","depth":0,"inlineStyleRanges":[{"offset":0,"length":4,"style":"BOLD"}],"entityRanges":[],"data":{"text-align":"center"}},{"key":"evnha","text":"test1","type":"ordered-list-item","depth":0,"inlineStyleRanges":[],"entityRanges":[],"data":{}},{"key":"e7mki","text":"test2","type":"ordered-list-item","depth":0,"inlineStyleRanges":[],"entityRanges":[],"data":{}},{"key":"3h722","text":"test3","type":"ordered-list-item","depth":0,"inlineStyleRanges":[],"entityRanges":[],"data":{}}],"entityMap":{}}', "2024-12-24 00:14:09", 12345678917, 12345678914, 5);

INSERT INTO Inquiries (id, title, description, general_practitioner, received_date, patient_person_number, nurse_person_number, inquiry_status_id) VALUES (161, "Title Test Test", "Description Test Test Test", "General Practitioner Test", "2025-11-01 00:14:09", 12345678915, 12345678910, 4);
INSERT INTO Inquiries (id, title, description, general_practitioner, received_date, patient_person_number, nurse_person_number, inquiry_status_id) VALUES (162, "Title Test Test", "Description Test Test Test", "General Practitioner Test", "2025-11-02 00:14:09", 12345678916, 12345678911, 4);
INSERT INTO Inquiries (id, title, description, general_practitioner, received_date, patient_person_number, nurse_person_number, inquiry_status_id) VALUES (163, "Title Test Test", "Description Test Test Test", "General Practitioner Test", "2025-11-03 00:14:09", 12345678917, 12345678912, 4);
INSERT INTO Inquiries (id, title, description, general_practitioner, received_date, patient_person_number, nurse_person_number, inquiry_status_id) VALUES (164, "Title Test Test", "Description Test Test Test", "General Practitioner Test", "2025-11-04 00:14:09", 12345678918, 12345678913, 4);
INSERT INTO Inquiries (id, title, description, general_practitioner, received_date, patient_person_number, nurse_person_number, inquiry_status_id) VALUES (165, "Title Test Test", "Description Test Test Test", "General Practitioner Test", "2025-11-05 00:14:09", 12345678919, 12345678914, 4);
INSERT INTO Inquiries (id, title, description, general_practitioner, received_date, patient_person_number, nurse_person_number, inquiry_status_id) VALUES (166, "Title Test Test", "Description Test Test Test", "General Practitioner Test", "2025-11-06 00:14:09", 12345678920, 12345678910, 4);
INSERT INTO Inquiries (id, title, description, general_practitioner, received_date, patient_person_number, nurse_person_number, inquiry_status_id) VALUES (167, "Title Test Test", "Description Test Test Test", "General Practitioner Test", "2025-11-07 00:14:09", 12345678915, 12345678911, 4);
INSERT INTO Inquiries (id, title, description, general_practitioner, received_date, patient_person_number, nurse_person_number, inquiry_status_id) VALUES (168, "Title Test Test", "Description Test Test Test", "General Practitioner Test", "2025-11-08 00:14:09", 12345678916, 12345678912, 4);

INSERT INTO Inquiries (id, title, description, general_practitioner, received_date, patient_person_number, nurse_person_number, inquiry_status_id) VALUES (169, "Title Test Test", "Description Test Test Test", "General Practitioner Test", "2025-11-01 00:14:09", 12345678915, 12345678910, 3);
INSERT INTO Inquiries (id, title, description, general_practitioner, received_date, patient_person_number, nurse_person_number, inquiry_status_id) VALUES (170, "Title Test Test", "Description Test Test Test", "General Practitioner Test", "2025-11-02 00:14:09", 12345678916, 12345678911, 3);
INSERT INTO Inquiries (id, title, description, general_practitioner, received_date, patient_person_number, nurse_person_number, inquiry_status_id) VALUES (171, "Title Test Test", "Description Test Test Test", "General Practitioner Test", "2025-11-03 00:14:09", 12345678917, 12345678912, 3);
INSERT INTO Inquiries (id, title, description, general_practitioner, received_date, patient_person_number, nurse_person_number, inquiry_status_id) VALUES (172, "Title Test Test", "Description Test Test Test", "General Practitioner Test", "2025-11-04 00:14:09", 12345678918, 12345678913, 3);
INSERT INTO Inquiries (id, title, description, general_practitioner, received_date, patient_person_number, nurse_person_number, inquiry_status_id) VALUES (173, "Title Test Test", "Description Test Test Test", "General Practitioner Test", "2025-11-05 00:14:09", 12345678919, 12345678914, 3);
INSERT INTO Inquiries (id, title, description, general_practitioner, received_date, patient_person_number, nurse_person_number, inquiry_status_id) VALUES (174, "Title Test Test", "Description Test Test Test", "General Practitioner Test", "2025-11-06 00:14:09", 12345678920, 12345678910, 3);
INSERT INTO Inquiries (id, title, description, general_practitioner, received_date, patient_person_number, nurse_person_number, inquiry_status_id) VALUES (175, "Title Test Test", "Description Test Test Test", "General Practitioner Test", "2025-11-07 00:14:09", 12345678915, 12345678911, 3);
INSERT INTO Inquiries (id, title, description, general_practitioner, received_date, patient_person_number, nurse_person_number, inquiry_status_id) VALUES (176, "Title Test Test", "Description Test Test Test", "General Practitioner Test", "2025-11-08 00:14:09", 12345678916, 12345678912, 3);
INSERT INTO Inquiries (id, title, description, general_practitioner, received_date, patient_person_number, nurse_person_number, inquiry_status_id) VALUES (177, "Title Test Test", "Description Test Test Test", "General Practitioner Test", "2025-11-09 00:14:09", 12345678917, 12345678913, 3);
INSERT INTO Inquiries (id, title, description, general_practitioner, received_date, patient_person_number, nurse_person_number, inquiry_status_id) VALUES (178, "Title Test Test", "Description Test Test Test", "General Practitioner Test", "2025-11-10 00:14:09", 12345678918, 12345678914, 3);
INSERT INTO Inquiries (id, title, description, general_practitioner, received_date, patient_person_number, nurse_person_number, inquiry_status_id) VALUES (179, "Title Test Test", "Description Test Test Test", "General Practitioner Test", "2025-11-11 00:14:09", 12345678919, 12345678910, 3);
INSERT INTO Inquiries (id, title, description, general_practitioner, received_date, patient_person_number, nurse_person_number, inquiry_status_id) VALUES (180, "Title Test Test", "Description Test Test Test", "General Practitioner Test", "2025-11-12 00:14:09", 12345678920, 12345678911, 3);
INSERT INTO Inquiries (id, title, description, general_practitioner, received_date, patient_person_number, nurse_person_number, inquiry_status_id) VALUES (181, "Title Test Test", "Description Test Test Test", "General Practitioner Test", "2025-11-13 00:14:09", 12345678915, 12345678912, 3);
INSERT INTO Inquiries (id, title, description, general_practitioner, received_date, patient_person_number, nurse_person_number, inquiry_status_id) VALUES (182, "Title Test Test", "Description Test Test Test", "General Practitioner Test", "2025-11-14 00:14:09", 12345678916, 12345678913, 3);
INSERT INTO Inquiries (id, title, description, general_practitioner, received_date, patient_person_number, nurse_person_number, inquiry_status_id) VALUES (183, "Title Test Test", "Description Test Test Test", "General Practitioner Test", "2025-11-15 00:14:09", 12345678917, 12345678914, 3);
INSERT INTO Inquiries (id, title, description, general_practitioner, received_date, patient_person_number, nurse_person_number, inquiry_status_id) VALUES (184, "Title Test Test", "Description Test Test Test", "General Practitioner Test", "2025-11-16 00:14:09", 12345678918, 12345678910, 3);

INSERT INTO Inquiries (id, title, description, general_practitioner, received_date, patient_person_number, nurse_person_number, inquiry_status_id) VALUES (185, "Title Test Test", "Description Test Test Test", "General Practitioner Test", "2025-08-24 00:04:09", 12345678915, 12345678910, 2);
INSERT INTO Inquiries (id, title, description, general_practitioner, received_date, patient_person_number, nurse_person_number, inquiry_status_id) VALUES (186, "Title Test Test", "Description Test Test Test", "General Practitioner Test", "2025-08-24 00:14:09", 12345678915, 12345678911, 2);
INSERT INTO Inquiries (id, title, description, general_practitioner, received_date, patient_person_number, nurse_person_number, inquiry_status_id) VALUES (187, "Title Test Test", "Description Test Test Test", "General Practitioner Test", "2025-08-24 00:24:09", 12345678916, 12345678912, 2);
INSERT INTO Inquiries (id, title, description, general_practitioner, received_date, patient_person_number, nurse_person_number, inquiry_status_id) VALUES (188, "Title Test Test", "Description Test Test Test", "General Practitioner Test", "2025-08-24 00:34:09", 12345678916, 12345678913, 2);
INSERT INTO Inquiries (id, title, description, general_practitioner, received_date, patient_person_number, nurse_person_number, inquiry_status_id) VALUES (189, "Title Test Test", "Description Test Test Test", "General Practitioner Test", "2025-08-24 00:44:09", 12345678917, 12345678914, 2);
INSERT INTO Inquiries (id, title, description, general_practitioner, received_date, patient_person_number, nurse_person_number, inquiry_status_id) VALUES (190, "Title Test Test", "Description Test Test Test", "General Practitioner Test", "2025-08-24 00:54:09", 12345678917, 12345678910, 2);
INSERT INTO Inquiries (id, title, description, general_practitioner, received_date, patient_person_number, nurse_person_number, inquiry_status_id) VALUES (191, "Title Test Test", "Description Test Test Test", "General Practitioner Test", "2025-08-24 00:03:09", 12345678917, 12345678911, 2);
INSERT INTO Inquiries (id, title, description, general_practitioner, received_date, patient_person_number, nurse_person_number, inquiry_status_id) VALUES (192, "Title Test Test", "Description Test Test Test", "General Practitioner Test", "2025-08-24 00:13:09", 12345678918, 12345678912, 2);

INSERT INTO Inquiries (id, title, description, general_practitioner, received_date, patient_person_number, inquiry_status_id) VALUES (193, "Title Test Test", "Description Test Test Test", "General Practitioner Test", "2025-08-25 00:04:09", 12345678915, 1);
INSERT INTO Inquiries (id, title, description, general_practitioner, received_date, patient_person_number, inquiry_status_id) VALUES (194, "Title Test Test", "Description Test Test Test", "General Practitioner Test", "2025-08-25 00:14:09", 12345678916, 1);
INSERT INTO Inquiries (id, title, description, general_practitioner, received_date, patient_person_number, inquiry_status_id) VALUES (195, "Title Test Test", "Description Test Test Test", "General Practitioner Test", "2025-08-25 00:24:09", 12345678917, 1);
INSERT INTO Inquiries (id, title, description, general_practitioner, received_date, patient_person_number, inquiry_status_id) VALUES (196, "Title Test Test", "Description Test Test Test", "General Practitioner Test", "2025-08-26 00:34:09", 12345678918, 1);
INSERT INTO Inquiries (id, title, description, general_practitioner, received_date, patient_person_number, inquiry_status_id) VALUES (197, "Title Test Test", "Description Test Test Test", "General Practitioner Test", "2025-08-26 00:44:09", 12345678919, 1);
INSERT INTO Inquiries (id, title, description, general_practitioner, received_date, patient_person_number, inquiry_status_id) VALUES (198, "Title Test Test", "Description Test Test Test", "General Practitioner Test", "2025-08-26 00:54:09", 12345678920, 1);
INSERT INTO Inquiries (id, title, description, general_practitioner, received_date, patient_person_number, inquiry_status_id) VALUES (199, "Title Test Test", "Description Test Test Test", "General Practitioner Test", "2025-08-26 00:03:09", 12345678920, 1);
INSERT INTO Inquiries (id, title, description, general_practitioner, received_date, patient_person_number, inquiry_status_id) VALUES (200, "Title Test Test", "Description Test Test Test", "General Practitioner Test", "2025-08-27 00:13:09", 12345678915, 1);
INSERT INTO Inquiries (id, title, description, general_practitioner, received_date, patient_person_number, inquiry_status_id) VALUES (201, "Title Test Test", "Description Test Test Test", "General Practitioner Test", "2025-08-27 00:23:09", 12345678916, 1);
INSERT INTO Inquiries (id, title, description, general_practitioner, received_date, patient_person_number, inquiry_status_id) VALUES (202, "Title Test Test", "Description Test Test Test", "General Practitioner Test", "2025-08-27 00:33:09", 12345678917, 1);
INSERT INTO Inquiries (id, title, description, general_practitioner, received_date, patient_person_number, inquiry_status_id) VALUES (203, "Title Test Test", "Description Test Test Test", "General Practitioner Test", "2025-08-27 00:43:09", 12345678918, 1);
INSERT INTO Inquiries (id, title, description, general_practitioner, received_date, patient_person_number, inquiry_status_id) VALUES (204, "Title Test Test", "Description Test Test Test", "General Practitioner Test", "2025-08-28 00:53:09", 12345678919, 1);
INSERT INTO Inquiries (id, title, description, general_practitioner, received_date, patient_person_number, inquiry_status_id) VALUES (205, "Title Test Test", "Description Test Test Test", "General Practitioner Test", "2025-09-25 00:04:09", 12345678920, 1);
INSERT INTO Inquiries (id, title, description, general_practitioner, received_date, patient_person_number, inquiry_status_id) VALUES (206, "Title Test Test", "Description Test Test Test", "General Practitioner Test", "2025-09-25 00:14:09", 12345678920, 1);
INSERT INTO Inquiries (id, title, description, general_practitioner, received_date, patient_person_number, inquiry_status_id) VALUES (207, "Title Test Test", "Description Test Test Test", "General Practitioner Test", "2025-09-25 00:24:09", 12345678915, 1);
INSERT INTO Inquiries (id, title, description, general_practitioner, received_date, patient_person_number, inquiry_status_id) VALUES (208, "Title Test Test", "Description Test Test Test", "General Practitioner Test", "2025-09-26 00:34:09", 12345678916, 1);
INSERT INTO Inquiries (id, title, description, general_practitioner, received_date, patient_person_number, inquiry_status_id) VALUES (209, "Title Test Test", "Description Test Test Test", "General Practitioner Test", "2025-09-26 00:44:09", 12345678917, 1);
INSERT INTO Inquiries (id, title, description, general_practitioner, received_date, patient_person_number, inquiry_status_id) VALUES (210, "Title Test Test", "Description Test Test Test", "General Practitioner Test", "2025-09-26 00:54:09", 12345678918, 1);
INSERT INTO Inquiries (id, title, description, general_practitioner, received_date, patient_person_number, inquiry_status_id) VALUES (211, "Title Test Test", "Description Test Test Test", "General Practitioner Test", "2025-09-26 00:03:09", 12345678919, 1);
INSERT INTO Inquiries (id, title, description, general_practitioner, received_date, patient_person_number, inquiry_status_id) VALUES (212, "Title Test Test", "Description Test Test Test", "General Practitioner Test", "2025-09-27 00:13:09", 12345678920, 1);
INSERT INTO Inquiries (id, title, description, general_practitioner, received_date, patient_person_number, inquiry_status_id) VALUES (213, "Title Test Test", "Description Test Test Test", "General Practitioner Test", "2025-09-27 00:23:09", 12345678920, 1);
INSERT INTO Inquiries (id, title, description, general_practitioner, received_date, patient_person_number, inquiry_status_id) VALUES (214, "Title Test Test", "Description Test Test Test", "General Practitioner Test", "2025-09-27 00:33:09", 12345678915, 1);
INSERT INTO Inquiries (id, title, description, general_practitioner, received_date, patient_person_number, inquiry_status_id) VALUES (215, "Title Test Test", "Description Test Test Test", "General Practitioner Test", "2025-09-27 00:43:09", 12345678916, 1);
INSERT INTO Inquiries (id, title, description, general_practitioner, received_date, patient_person_number, inquiry_status_id) VALUES (216, "Title Test Test", "Description Test Test Test", "General Practitioner Test", "2025-09-28 00:53:09", 12345678917, 1);
INSERT INTO Inquiries (id, title, description, general_practitioner, received_date, patient_person_number, inquiry_status_id) VALUES (217, "Title Test Test", "Description Test Test Test", "General Practitioner Test", "2025-10-02 00:04:09", 12345678918, 1);
INSERT INTO Inquiries (id, title, description, general_practitioner, received_date, patient_person_number, inquiry_status_id) VALUES (218, "Title Test Test", "Description Test Test Test", "General Practitioner Test", "2025-10-02 00:14:09", 12345678919, 1);
INSERT INTO Inquiries (id, title, description, general_practitioner, received_date, patient_person_number, inquiry_status_id) VALUES (219, "Title Test Test", "Description Test Test Test", "General Practitioner Test", "2025-10-01 00:24:09", 12345678920, 1);

INSERT INTO Inquiry_Images (id, url, inquiry_id) VALUES (1, "images/inquiry.jpg", 1);
INSERT INTO Inquiry_Images (id, url, inquiry_id) VALUES (2, "images/inquiry.jpg", 1);
INSERT INTO Inquiry_Images (id, url, inquiry_id) VALUES (3, "images/inquiry.jpg", 1);
INSERT INTO Inquiry_Images (id, url, inquiry_id) VALUES (4, "images/inquiry.jpg", 2);
INSERT INTO Inquiry_Images (id, url, inquiry_id) VALUES (5, "images/inquiry.jpg", 2);
INSERT INTO Inquiry_Images (id, url, inquiry_id) VALUES (6, "images/inquiry.jpg", 3);
INSERT INTO Inquiry_Images (id, url, inquiry_id) VALUES (7, "images/inquiry.jpg", 4);
INSERT INTO Inquiry_Images (id, url, inquiry_id) VALUES (8, "images/inquiry.jpg", 5);
INSERT INTO Inquiry_Images (id, url, inquiry_id) VALUES (9, "images/inquiry.jpg", 5);
INSERT INTO Inquiry_Images (id, url, inquiry_id) VALUES (10, "images/inquiry.jpg", 5);
INSERT INTO Inquiry_Images (id, url, inquiry_id) VALUES (11, "images/inquiry.jpg", 5);
INSERT INTO Inquiry_Images (id, url, inquiry_id) VALUES (12, "images/inquiry.jpg", 6);
INSERT INTO Inquiry_Images (id, url, inquiry_id) VALUES (13, "images/inquiry.jpg", 6);
INSERT INTO Inquiry_Images (id, url, inquiry_id) VALUES (14, "images/inquiry.jpg", 7);
INSERT INTO Inquiry_Images (id, url, inquiry_id) VALUES (15, "images/inquiry.jpg", 7);
INSERT INTO Inquiry_Images (id, url, inquiry_id) VALUES (16, "images/inquiry.jpg", 7);
INSERT INTO Inquiry_Images (id, url, inquiry_id) VALUES (17, "images/inquiry.jpg", 7);
INSERT INTO Inquiry_Images (id, url, inquiry_id) VALUES (18, "images/inquiry.jpg", 7);
INSERT INTO Inquiry_Images (id, url, inquiry_id) VALUES (19, "images/inquiry.jpg", 8);
INSERT INTO Inquiry_Images (id, url, inquiry_id) VALUES (20, "images/inquiry.jpg", 9);
INSERT INTO Inquiry_Images (id, url, inquiry_id) VALUES (21, "images/inquiry.jpg", 9);
INSERT INTO Inquiry_Images (id, url, inquiry_id) VALUES (22, "images/inquiry.jpg", 10);
INSERT INTO Inquiry_Images (id, url, inquiry_id) VALUES (23, "images/inquiry.jpg", 10);
INSERT INTO Inquiry_Images (id, url, inquiry_id) VALUES (24, "images/inquiry.jpg", 11);
INSERT INTO Inquiry_Images (id, url, inquiry_id) VALUES (25, "images/inquiry.jpg", 11);
INSERT INTO Inquiry_Images (id, url, inquiry_id) VALUES (26, "images/inquiry.jpg", 11);
INSERT INTO Inquiry_Images (id, url, inquiry_id) VALUES (27, "images/inquiry.jpg", 12);
INSERT INTO Inquiry_Images (id, url, inquiry_id) VALUES (28, "images/inquiry.jpg", 12);
INSERT INTO Inquiry_Images (id, url, inquiry_id) VALUES (29, "images/inquiry.jpg", 12);
INSERT INTO Inquiry_Images (id, url, inquiry_id) VALUES (30, "images/inquiry.jpg", 12);
INSERT INTO Inquiry_Images (id, url, inquiry_id) VALUES (31, "images/inquiry.jpg", 12);
INSERT INTO Inquiry_Images (id, url, inquiry_id) VALUES (32, "images/inquiry.jpg", 12);
INSERT INTO Inquiry_Images (id, url, inquiry_id) VALUES (33, "images/inquiry.jpg", 13);
INSERT INTO Inquiry_Images (id, url, inquiry_id) VALUES (34, "images/inquiry.jpg", 13);
INSERT INTO Inquiry_Images (id, url, inquiry_id) VALUES (35, "images/inquiry.jpg", 14);
INSERT INTO Inquiry_Images (id, url, inquiry_id) VALUES (36, "images/inquiry.jpg", 15);
INSERT INTO Inquiry_Images (id, url, inquiry_id) VALUES (37, "images/inquiry.jpg", 16);
INSERT INTO Inquiry_Images (id, url, inquiry_id) VALUES (38, "images/inquiry.jpg", 17);
INSERT INTO Inquiry_Images (id, url, inquiry_id) VALUES (39, "images/inquiry.jpg", 18);
INSERT INTO Inquiry_Images (id, url, inquiry_id) VALUES (40, "images/inquiry.jpg", 19);
INSERT INTO Inquiry_Images (id, url, inquiry_id) VALUES (41, "images/inquiry.jpg", 20);
INSERT INTO Inquiry_Images (id, url, inquiry_id) VALUES (42, "images/inquiry.jpg", 21);
INSERT INTO Inquiry_Images (id, url, inquiry_id) VALUES (43, "images/inquiry.jpg", 22);
INSERT INTO Inquiry_Images (id, url, inquiry_id) VALUES (44, "images/inquiry.jpg", 23);
INSERT INTO Inquiry_Images (id, url, inquiry_id) VALUES (45, "images/inquiry.jpg", 24);
INSERT INTO Inquiry_Images (id, url, inquiry_id) VALUES (46, "images/inquiry.jpg", 25);
INSERT INTO Inquiry_Images (id, url, inquiry_id) VALUES (47, "images/inquiry.jpg", 26);
INSERT INTO Inquiry_Images (id, url, inquiry_id) VALUES (48, "images/inquiry.jpg", 27);
INSERT INTO Inquiry_Images (id, url, inquiry_id) VALUES (49, "images/inquiry.jpg", 28);
INSERT INTO Inquiry_Images (id, url, inquiry_id) VALUES (50, "images/inquiry.jpg", 28);

INSERT INTO Chat_Messages (id, text, received_date, sender_person_number, receiver_person_number, inquiry_id) VALUES (1,"Hello there!","2025-11-01 00:17:09", 12345678910, 12345678915, 169);
INSERT INTO Chat_Messages (id, text, received_date, sender_person_number, receiver_person_number, inquiry_id) VALUES (2,"Hello!","2025-11-01 00:18:09", 12345678915, 12345678910, 169);
INSERT INTO Chat_Messages (id, text, received_date, sender_person_number, receiver_person_number, inquiry_id) VALUES (3,"Hello there!","2025-11-02 00:17:09", 12345678911, 12345678916, 170);
INSERT INTO Chat_Messages (id, text, received_date, sender_person_number, receiver_person_number, inquiry_id) VALUES (4,"Hello!","2025-11-02 00:18:09", 12345678916, 12345678911, 170);
INSERT INTO Chat_Messages (id, text, received_date, sender_person_number, receiver_person_number, inquiry_id) VALUES (5,"Hello there!","2025-11-03 00:17:09", 12345678912, 12345678917, 171);
INSERT INTO Chat_Messages (id, text, received_date, sender_person_number, receiver_person_number, inquiry_id) VALUES (6,"Hello!","2025-11-03 00:18:09", 12345678917, 12345678912, 171);
INSERT INTO Chat_Messages (id, text, received_date, sender_person_number, receiver_person_number, inquiry_id) VALUES (7,"Hello there!","2025-11-04 00:17:09", 12345678913, 12345678918, 172);
INSERT INTO Chat_Messages (id, text, received_date, sender_person_number, receiver_person_number, inquiry_id) VALUES (8,"Hello!","2025-11-04 00:18:09", 12345678918, 12345678913, 172);
